{"num_requests": 200, "completed": 200, "total_input": 25469, "total_output": 49461, "duration": 23.628081748080575, "request_throughput": 8.464504318732814, "input_throughput": 1077.9123024690302, "output_throughput": 2093.3142405442186, "total_throughput": 3171.226543013249, "prefix_cache_reused_ratio": 0.016608425929561427, "disk_prefetch_ratio": 0.0, "mean_ttft_ms": 24.955480720033396, "median_ttft_ms": 25.08309253856411, "std_ttft_ms": 5.852906894814726, "p90_ttft_ms": 32.48156944063946, "p95_ttft_ms": 35.079432558164854, "p99_ttft_ms": 39.210609236883336, "mean_queue_ms": -5e-06, "mean_tpot_ms": 17.08598221277446, "median_tpot_ms": 17.42275811352869, "std_tpot_ms": 1.4904877078039485, "p90_tpot_ms": 18.496909519055215, "p95_tpot_ms": 18.833255139317142, "p99_tpot_ms": 19.90345607037576, "mean_itl_ms": 17.044056044297648, "median_itl_ms": 14.759447055087804, "std_itl_ms": 7.459925595359851, "p90_itl_ms": 30.158827517265507, "p95_itl_ms": 32.763074248132185, "p99_itl_ms": 48.245830545481816, "max_itl_ms": 91.29264552644312, "mean_e2e_latency_ms": 4222.991704710766, "median_e2e_latency_ms": 4017.785823576611, "std_e2e_latency_ms": 2421.0836862059177, "p90_e2e_latency_ms": 7823.978279109092, "p95_e2e_latency_ms": 8381.26750168104, "p99_e2e_latency_ms": 8838.211575487505, "mean_prefill_queue_ms": 0.0, "p50_prefill_queue_ms": 0.0, "p95_prefill_queue_ms": 0.0, "p99_prefill_queue_ms": 0.0, "mean_kv_transfer_ms": 0.0, "p50_kv_transfer_ms": 0.0, "p95_kv_transfer_ms": 0.0, "p99_kv_transfer_ms": 0.0, "mean_decode_queue_ms": 0.0, "p50_decode_queue_ms": 0.0, "p95_decode_queue_ms": 0.0, "p99_decode_queue_ms": 0.0, "time_cost": 7.332540512084961}
