{"num_requests": 200, "completed": 200, "total_input": 217828, "total_output": 49461, "duration": 58.93481583617506, "request_throughput": 3.3935797908650973, "input_throughput": 3696.0834934228124, "output_throughput": 839.2492501798929, "total_throughput": 4535.332743602705, "prefix_cache_reused_ratio": 0.007923682905778872, "disk_prefetch_ratio": 0.0, "mean_ttft_ms": 74.29104292248435, "median_ttft_ms": 72.41867706640903, "std_ttft_ms": 34.03973612241344, "p90_ttft_ms": 119.61199583534032, "p95_ttft_ms": 139.4245992253988, "p99_ttft_ms": 166.6271710656469, "mean_queue_ms": -5e-06, "mean_tpot_ms": 17.692139720434582, "median_tpot_ms": 17.650899019132417, "std_tpot_ms": 2.3429839110439095, "p90_tpot_ms": 20.353006679651944, "p95_tpot_ms": 22.251044090008847, "p99_tpot_ms": 24.18515258724575, "mean_itl_ms": 17.633204475173127, "median_itl_ms": 13.888037964706612, "std_itl_ms": 19.674060447107074, "p90_itl_ms": 16.080936741829532, "p95_itl_ms": 27.706231369261758, "p99_itl_ms": 108.28303449330612, "max_itl_ms": 309.6015871855968, "mean_e2e_latency_ms": 4417.437471180001, "median_e2e_latency_ms": 4216.763857810395, "std_e2e_latency_ms": 2511.650081629929, "p90_e2e_latency_ms": 8053.8755607583425, "p95_e2e_latency_ms": 8627.008823568056, "p99_e2e_latency_ms": 9598.247972651761, "mean_prefill_queue_ms": 0.0, "p50_prefill_queue_ms": 0.0, "p95_prefill_queue_ms": 0.0, "p99_prefill_queue_ms": 0.0, "mean_kv_transfer_ms": 0.0, "p50_kv_transfer_ms": 0.0, "p95_kv_transfer_ms": 0.0, "p99_kv_transfer_ms": 0.0, "mean_decode_queue_ms": 0.0, "p50_decode_queue_ms": 0.0, "p95_decode_queue_ms": 0.0, "p99_decode_queue_ms": 0.0, "time_cost": 11.523172378540039}
