{"num_requests": 200, "completed": 200, "total_input": 217828, "total_output": 12597, "duration": 27.478084203181233, "request_throughput": 7.2785278086033856, "input_throughput": 7927.335777462291, "output_throughput": 458.43807402488426, "total_throughput": 8385.773851487176, "prefix_cache_reused_ratio": 0.9990818443909874, "disk_prefetch_ratio": 0.0, "mean_ttft_ms": 17.626377335972723, "median_ttft_ms": 17.808487069856938, "std_ttft_ms": 3.5714317072823936, "p90_ttft_ms": 22.274119958874408, "p95_ttft_ms": 23.33560687397282, "p99_ttft_ms": 23.813201299344808, "mean_queue_ms": -5e-06, "mean_tpot_ms": 13.651504617859844, "median_tpot_ms": 13.582561929057094, "std_tpot_ms": 0.8778654722726658, "p90_tpot_ms": 14.937846002547165, "p95_tpot_ms": 15.22675230185845, "p99_tpot_ms": 15.895655886171335, "mean_itl_ms": 13.648291202538788, "median_itl_ms": 12.524678109283371, "std_itl_ms": 3.697558280197429, "p90_itl_ms": 13.765970149847817, "p95_itl_ms": 24.043101979096537, "p99_itl_ms": 25.295881113457597, "max_itl_ms": 36.336013154219415, "mean_e2e_latency_ms": 863.6157075253394, "median_e2e_latency_ms": 882.1456235537411, "std_e2e_latency_ms": 476.3638124546969, "p90_e2e_latency_ms": 1537.7564173920478, "p95_e2e_latency_ms": 1626.564946453058, "p99_e2e_latency_ms": 1724.9568613772146, "mean_prefill_queue_ms": 0.0, "p50_prefill_queue_ms": 0.0, "p95_prefill_queue_ms": 0.0, "p99_prefill_queue_ms": 0.0, "mean_kv_transfer_ms": 0.0, "p50_kv_transfer_ms": 0.0, "p95_kv_transfer_ms": 0.0, "p99_kv_transfer_ms": 0.0, "mean_decode_queue_ms": 0.0, "p50_decode_queue_ms": 0.0, "p95_decode_queue_ms": 0.0, "p99_decode_queue_ms": 0.0, "time_cost": 8.409897089004517}
