{"num_requests": 200, "completed": 200, "total_input": 27177, "total_output": 12597, "duration": 17.533794089703797, "request_throughput": 11.40654435524848, "input_throughput": 1549.9782797129396, "output_throughput": 718.4411962153255, "total_throughput": 2268.419475928265, "prefix_cache_reused_ratio": 0.0, "disk_prefetch_ratio": 0.0, "mean_ttft_ms": 25.122920156969112, "median_ttft_ms": 23.916116904477924, "std_ttft_ms": 5.817891190909086, "p90_ttft_ms": 32.699398937843505, "p95_ttft_ms": 35.21193194046459, "p99_ttft_ms": 40.97910053881094, "mean_queue_ms": -5e-06, "mean_tpot_ms": 15.340201581802184, "median_tpot_ms": 15.29165366019433, "std_tpot_ms": 1.777533792289592, "p90_tpot_ms": 17.041590484821, "p95_tpot_ms": 17.999198619378255, "p99_tpot_ms": 20.31791606274707, "mean_itl_ms": 15.232597881711643, "median_itl_ms": 12.429318382199739, "std_itl_ms": 8.166748138894022, "p90_itl_ms": 28.16027028789314, "p95_itl_ms": 30.79462282433524, "p99_itl_ms": 52.483657710935105, "max_itl_ms": 81.64874984334159, "mean_e2e_latency_ms": 969.3154998548653, "median_e2e_latency_ms": 937.413953401847, "std_e2e_latency_ms": 535.012071085664, "p90_e2e_latency_ms": 1701.0982036086273, "p95_e2e_latency_ms": 1830.9124324740237, "p99_e2e_latency_ms": 1977.7107734805486, "mean_prefill_queue_ms": 0.0, "p50_prefill_queue_ms": 0.0, "p95_prefill_queue_ms": 0.0, "p99_prefill_queue_ms": 0.0, "mean_kv_transfer_ms": 0.0, "p50_kv_transfer_ms": 0.0, "p95_kv_transfer_ms": 0.0, "p99_kv_transfer_ms": 0.0, "mean_decode_queue_ms": 0.0, "p50_decode_queue_ms": 0.0, "p95_decode_queue_ms": 0.0, "p99_decode_queue_ms": 0.0, "time_cost": 6.568033695220947}
