{"num_requests": 200, "completed": 200, "total_input": 217828, "total_output": 49461, "duration": 217.40780765989592, "request_throughput": 0.9199301632849911, "input_throughput": 1001.9327380402152, "output_throughput": 227.50332903119474, "total_throughput": 1229.43606707141, "prefix_cache_reused_ratio": 0.9990818443909874, "disk_prefetch_ratio": 0.0, "mean_ttft_ms": 16.48146498835777, "median_ttft_ms": 16.248657825478574, "std_ttft_ms": 3.584020731007104, "p90_ttft_ms": 21.555552823129176, "p95_ttft_ms": 22.46050908349062, "p99_ttft_ms": 22.926258116061717, "mean_queue_ms": -5e-06, "mean_tpot_ms": 12.149645245711598, "median_tpot_ms": 12.132060962051657, "std_tpot_ms": 0.342139846749582, "p90_tpot_ms": 12.590364686243456, "p95_tpot_ms": 12.735095027838476, "p99_tpot_ms": 12.892767362370698, "mean_itl_ms": 12.167734854539754, "median_itl_ms": 11.94180321047611, "std_itl_ms": 1.2600828521247602, "p90_itl_ms": 12.58368100657492, "p95_itl_ms": 12.677648583718337, "p99_itl_ms": 23.1693380882291, "max_itl_ms": 35.58203902368717, "mean_e2e_latency_ms": 3013.4553983357714, "median_e2e_latency_ms": 2818.178261709335, "std_e2e_latency_ms": 1729.3324804645883, "p90_e2e_latency_ms": 5528.876630390712, "p95_e2e_latency_ms": 5858.457119728644, "p99_e2e_latency_ms": 6200.995800151007, "mean_prefill_queue_ms": 0.0, "p50_prefill_queue_ms": 0.0, "p95_prefill_queue_ms": 0.0, "p99_prefill_queue_ms": 0.0, "mean_kv_transfer_ms": 0.0, "p50_kv_transfer_ms": 0.0, "p95_kv_transfer_ms": 0.0, "p99_kv_transfer_ms": 0.0, "mean_decode_queue_ms": 0.0, "p50_decode_queue_ms": 0.0, "p95_decode_queue_ms": 0.0, "p99_decode_queue_ms": 0.0, "time_cost": 31.9219012260437}
