{"num_requests": 200, "completed": 200, "total_input": 232719, "total_output": 49461, "duration": 27.848535367898624, "request_throughput": 7.181706231866781, "input_throughput": 8356.597462869027, "output_throughput": 1776.0718596718143, "total_throughput": 10132.669322540842, "prefix_cache_reused_ratio": 0.0, "disk_prefetch_ratio": 0.0, "mean_ttft_ms": 162.069430123002, "median_ttft_ms": 145.26416485575444, "std_ttft_ms": 93.53827406427553, "p90_ttft_ms": 293.1605793891873, "p95_ttft_ms": 326.5008235365375, "p99_ttft_ms": 413.4193572992732, "mean_queue_ms": -5e-06, "mean_tpot_ms": 53.285909078510244, "median_tpot_ms": 49.731642422651525, "std_tpot_ms": 17.16961348559437, "p90_tpot_ms": 79.17957082785117, "p95_tpot_ms": 84.16271637622935, "p99_tpot_ms": 97.10317093814606, "mean_itl_ms": 47.45694325632543, "median_itl_ms": 30.99547333185626, "std_itl_ms": 97.1280929489678, "p90_itl_ms": 36.33906009828536, "p95_itl_ms": 95.95220877551824, "p99_itl_ms": 545.5943499793268, "max_itl_ms": 1141.677964498367, "mean_e2e_latency_ms": 11850.951838872237, "median_e2e_latency_ms": 11139.542745301038, "std_e2e_latency_ms": 5879.6461888561025, "p90_e2e_latency_ms": 20219.628435115512, "p95_e2e_latency_ms": 21716.66066123605, "p99_e2e_latency_ms": 23679.613411483875, "mean_prefill_queue_ms": 0.0, "p50_prefill_queue_ms": 0.0, "p95_prefill_queue_ms": 0.0, "p99_prefill_queue_ms": 0.0, "mean_kv_transfer_ms": 0.0, "p50_kv_transfer_ms": 0.0, "p95_kv_transfer_ms": 0.0, "p99_kv_transfer_ms": 0.0, "mean_decode_queue_ms": 0.0, "p50_decode_queue_ms": 0.0, "p95_decode_queue_ms": 0.0, "p99_decode_queue_ms": 0.0, "time_cost": 5.443399906158447}
