{"num_requests": 200, "completed": 200, "total_input": 25469, "total_output": 49461, "duration": 111.44151723088805, "request_throughput": 1.7946632903932356, "input_throughput": 228.54139671512658, "output_throughput": 443.8292050306991, "total_throughput": 672.3706017458256, "prefix_cache_reused_ratio": 0.016608425929561427, "disk_prefetch_ratio": 0.0, "mean_ttft_ms": 22.9846167820722, "median_ttft_ms": 22.152323272703, "std_ttft_ms": 4.670903170956239, "p90_ttft_ms": 28.72534435517977, "p95_ttft_ms": 30.01570113051723, "p99_ttft_ms": 37.395033640371, "mean_queue_ms": -5e-06, "mean_tpot_ms": 12.468967039203328, "median_tpot_ms": 12.484868666043585, "std_tpot_ms": 0.36165102319870807, "p90_tpot_ms": 12.945691310257244, "p95_tpot_ms": 13.032894737716388, "p99_tpot_ms": 13.179899557793807, "mean_itl_ms": 12.477072961666751, "median_itl_ms": 12.183262354206192, "std_itl_ms": 2.6098570811954973, "p90_itl_ms": 12.445330195461679, "p95_itl_ms": 12.47911991541173, "p99_itl_ms": 29.323894536998907, "max_itl_ms": 50.59251141092602, "mean_e2e_latency_ms": 3096.1500726054023, "median_e2e_latency_ms": 2917.550477264989, "std_e2e_latency_ms": 1767.8286623460433, "p90_e2e_latency_ms": 5676.203367038851, "p95_e2e_latency_ms": 5980.618905502468, "p99_e2e_latency_ms": 6347.644643730977, "mean_prefill_queue_ms": 0.0, "p50_prefill_queue_ms": 0.0, "p95_prefill_queue_ms": 0.0, "p99_prefill_queue_ms": 0.0, "mean_kv_transfer_ms": 0.0, "p50_kv_transfer_ms": 0.0, "p95_kv_transfer_ms": 0.0, "p99_kv_transfer_ms": 0.0, "mean_decode_queue_ms": 0.0, "p50_decode_queue_ms": 0.0, "p95_decode_queue_ms": 0.0, "p99_decode_queue_ms": 0.0, "time_cost": 18.56532335281372}
