{"num_requests": 200, "completed": 200, "total_input": 25469, "total_output": 12597, "duration": 54.001921136886764, "request_throughput": 3.703571943172726, "input_throughput": 471.63136910333077, "output_throughput": 233.26947884073414, "total_throughput": 704.9008479440648, "prefix_cache_reused_ratio": 0.016608425929561427, "disk_prefetch_ratio": 0.0, "mean_ttft_ms": 22.91787308203594, "median_ttft_ms": 22.887567169954437, "std_ttft_ms": 5.0799174825057944, "p90_ttft_ms": 28.578272199490936, "p95_ttft_ms": 31.62910904144107, "p99_ttft_ms": 38.143790218617994, "mean_queue_ms": -5e-06, "mean_tpot_ms": 12.477354653031536, "median_tpot_ms": 12.359973513507923, "std_tpot_ms": 0.6920722674713976, "p90_tpot_ms": 13.303663167857236, "p95_tpot_ms": 13.571535215957166, "p99_tpot_ms": 14.57414125747019, "mean_itl_ms": 12.47597135931533, "median_itl_ms": 11.639751042455515, "std_itl_ms": 3.675570906837486, "p90_itl_ms": 12.15920774502166, "p95_itl_ms": 12.168600055353807, "p99_itl_ms": 30.150200185292988, "max_itl_ms": 50.59030682630805, "mean_e2e_latency_ms": 796.2409577891968, "median_e2e_latency_ms": 804.877875460841, "std_e2e_latency_ms": 433.4669658630028, "p90_e2e_latency_ms": 1389.1559596543316, "p95_e2e_latency_ms": 1476.339167957882, "p99_e2e_latency_ms": 1582.2433532271468, "mean_prefill_queue_ms": 0.0, "p50_prefill_queue_ms": 0.0, "p95_prefill_queue_ms": 0.0, "p99_prefill_queue_ms": 0.0, "mean_kv_transfer_ms": 0.0, "p50_kv_transfer_ms": 0.0, "p95_kv_transfer_ms": 0.0, "p99_kv_transfer_ms": 0.0, "mean_decode_queue_ms": 0.0, "p50_decode_queue_ms": 0.0, "p95_decode_queue_ms": 0.0, "p99_decode_queue_ms": 0.0, "time_cost": 11.011698484420776}
