{"num_requests": 200, "completed": 200, "total_input": 102982, "total_output": 49461, "duration": 58.640957334520586, "request_throughput": 3.4105855206129894, "input_throughput": 1756.1445904188345, "output_throughput": 843.4548521751954, "total_throughput": 2599.59944259403, "prefix_cache_reused_ratio": 0.9980579130333457, "disk_prefetch_ratio": 0.0, "mean_ttft_ms": 17.71166269352805, "median_ttft_ms": 17.69509450105966, "std_ttft_ms": 3.7969645875419946, "p90_ttft_ms": 22.760545356506867, "p95_ttft_ms": 23.33819690048582, "p99_ttft_ms": 23.862385719164276, "mean_queue_ms": -5e-06, "mean_tpot_ms": 13.329029300683722, "median_tpot_ms": 13.336138533708642, "std_tpot_ms": 0.43068067790748205, "p90_tpot_ms": 13.900244520972427, "p95_tpot_ms": 14.096199329759393, "p99_tpot_ms": 14.191777959069672, "mean_itl_ms": 13.342134693099238, "median_itl_ms": 12.785617099757118, "std_itl_ms": 2.5058880898168434, "p90_itl_ms": 13.514522706053356, "p95_itl_ms": 13.765670455050838, "p99_itl_ms": 24.38971647118393, "max_itl_ms": 35.63554860058815, "mean_e2e_latency_ms": 3303.9461482773368, "median_e2e_latency_ms": 3141.9940816907524, "std_e2e_latency_ms": 1889.402595742853, "p90_e2e_latency_ms": 6041.858986482306, "p95_e2e_latency_ms": 6371.519026642067, "p99_e2e_latency_ms": 6774.808226666771, "mean_prefill_queue_ms": 0.0, "p50_prefill_queue_ms": 0.0, "p95_prefill_queue_ms": 0.0, "p99_prefill_queue_ms": 0.0, "mean_kv_transfer_ms": 0.0, "p50_kv_transfer_ms": 0.0, "p95_kv_transfer_ms": 0.0, "p99_kv_transfer_ms": 0.0, "mean_decode_queue_ms": 0.0, "p50_decode_queue_ms": 0.0, "p95_decode_queue_ms": 0.0, "p99_decode_queue_ms": 0.0, "time_cost": 13.019635438919067}
