{"num_requests": 200, "completed": 200, "total_input": 25469, "total_output": 12597, "duration": 27.47811996306996, "request_throughput": 7.278518336363477, "input_throughput": 926.8829175442069, "output_throughput": 458.43747741585355, "total_throughput": 1385.3203949600604, "prefix_cache_reused_ratio": 0.016608425929561427, "disk_prefetch_ratio": 0.0, "mean_ttft_ms": 23.446211451592507, "median_ttft_ms": 23.15572104831265, "std_ttft_ms": 5.197515364820358, "p90_ttft_ms": 29.423964255061463, "p95_ttft_ms": 32.480889109333596, "p99_ttft_ms": 37.44536807350242, "mean_queue_ms": -5e-06, "mean_tpot_ms": 13.768648128046832, "median_tpot_ms": 13.715011628510004, "std_tpot_ms": 1.0305685065326449, "p90_tpot_ms": 15.06519540393024, "p95_tpot_ms": 15.609514844727203, "p99_tpot_ms": 16.889695037563182, "mean_itl_ms": 13.771577106438214, "median_itl_ms": 12.150009503796078, "std_itl_ms": 5.735468558407903, "p90_itl_ms": 12.63688819797082, "p95_itl_ms": 28.78916923409136, "p99_itl_ms": 34.26285525215178, "max_itl_ms": 71.08597137775962, "mean_e2e_latency_ms": 877.0774183941653, "median_e2e_latency_ms": 876.8611538427948, "std_e2e_latency_ms": 481.5163406575136, "p90_e2e_latency_ms": 1563.59674774336, "p95_e2e_latency_ms": 1640.5729238751678, "p99_e2e_latency_ms": 1748.5993604414955, "mean_prefill_queue_ms": 0.0, "p50_prefill_queue_ms": 0.0, "p95_prefill_queue_ms": 0.0, "p99_prefill_queue_ms": 0.0, "mean_kv_transfer_ms": 0.0, "p50_kv_transfer_ms": 0.0, "p95_kv_transfer_ms": 0.0, "p99_kv_transfer_ms": 0.0, "mean_decode_queue_ms": 0.0, "p50_decode_queue_ms": 0.0, "p95_decode_queue_ms": 0.0, "p99_decode_queue_ms": 0.0, "time_cost": 7.164083003997803}
