{"num_requests": 200, "completed": 200, "total_input": 27177, "total_output": 12597, "duration": 200.45006020804286, "request_throughput": 0.9977547514449447, "input_throughput": 135.5799044000963, "output_throughput": 62.84358301975984, "total_throughput": 198.42348741985614, "prefix_cache_reused_ratio": 0.0, "disk_prefetch_ratio": 0.0, "mean_ttft_ms": 20.6001950552808, "median_ttft_ms": 19.636636933483942, "std_ttft_ms": 4.958257313231723, "p90_ttft_ms": 27.187764246923507, "p95_ttft_ms": 29.583658026580995, "p99_ttft_ms": 34.030677204861384, "mean_queue_ms": -5e-06, "mean_tpot_ms": 11.61346465334909, "median_tpot_ms": 11.573284665821019, "std_tpot_ms": 0.40812206392298855, "p90_tpot_ms": 12.16128857591059, "p95_tpot_ms": 12.364533763268398, "p99_tpot_ms": 12.769292127078357, "mean_itl_ms": 11.618741817988466, "median_itl_ms": 11.274789341456426, "std_itl_ms": 1.9829823920799547, "p90_itl_ms": 11.651201745408457, "p95_itl_ms": 11.666429844268578, "p99_itl_ms": 25.770619633426673, "max_itl_ms": 46.58292506914563, "mean_e2e_latency_ms": 740.7879066432961, "median_e2e_latency_ms": 749.1273398215199, "std_e2e_latency_ms": 402.88446380154494, "p90_e2e_latency_ms": 1306.7383400368144, "p95_e2e_latency_ms": 1384.982107559618, "p99_e2e_latency_ms": 1450.3366867032707, "mean_prefill_queue_ms": 0.0, "p50_prefill_queue_ms": 0.0, "p95_prefill_queue_ms": 0.0, "p99_prefill_queue_ms": 0.0, "mean_kv_transfer_ms": 0.0, "p50_kv_transfer_ms": 0.0, "p95_kv_transfer_ms": 0.0, "p99_kv_transfer_ms": 0.0, "mean_decode_queue_ms": 0.0, "p50_decode_queue_ms": 0.0, "p95_decode_queue_ms": 0.0, "p99_decode_queue_ms": 0.0, "time_cost": 17.1760196685791}
