{"num_requests": 200, "completed": 200, "total_input": 232719, "total_output": 49461, "duration": 204.02934915976024, "request_throughput": 0.9802511296715202, "input_throughput": 1140.6153132301324, "output_throughput": 242.42100562341528, "total_throughput": 1383.0363188535478, "prefix_cache_reused_ratio": 0.0, "disk_prefetch_ratio": 0.0, "mean_ttft_ms": 72.10630829388248, "median_ttft_ms": 73.04578261026506, "std_ttft_ms": 32.18408000156353, "p90_ttft_ms": 111.99536648428675, "p95_ttft_ms": 122.46959153694519, "p99_ttft_ms": 156.3064243649252, "mean_queue_ms": -5e-06, "mean_tpot_ms": 13.055868949594986, "median_tpot_ms": 12.875927088530506, "std_tpot_ms": 1.2219697612732052, "p90_tpot_ms": 14.075999084253795, "p95_tpot_ms": 14.349361690470749, "p99_tpot_ms": 16.728376955570273, "mean_itl_ms": 12.968727623666423, "median_itl_ms": 11.997197125495518, "std_itl_ms": 8.376171063418031, "p90_itl_ms": 12.742770299993822, "p95_itl_ms": 12.885670725111709, "p99_itl_ms": 41.624870139614245, "max_itl_ms": 301.38490172353727, "mean_e2e_latency_ms": 3266.368765641041, "median_e2e_latency_ms": 3068.3679044813343, "std_e2e_latency_ms": 1827.0440919053842, "p90_e2e_latency_ms": 5922.333364230179, "p95_e2e_latency_ms": 6243.483269484531, "p99_e2e_latency_ms": 6575.28173652662, "mean_prefill_queue_ms": 0.0, "p50_prefill_queue_ms": 0.0, "p95_prefill_queue_ms": 0.0, "p99_prefill_queue_ms": 0.0, "mean_kv_transfer_ms": 0.0, "p50_kv_transfer_ms": 0.0, "p95_kv_transfer_ms": 0.0, "p99_kv_transfer_ms": 0.0, "mean_decode_queue_ms": 0.0, "p50_decode_queue_ms": 0.0, "p95_decode_queue_ms": 0.0, "p99_decode_queue_ms": 0.0, "time_cost": 28.142422437667847}
