{"num_requests": 200, "completed": 200, "total_input": 232719, "total_output": 12597, "duration": 18.098872996160754, "request_throughput": 11.050411815278512, "input_throughput": 12858.203936199001, "output_throughput": 696.0101881853171, "total_throughput": 13554.214124384318, "prefix_cache_reused_ratio": 0.0, "disk_prefetch_ratio": 0.0, "mean_ttft_ms": 158.21354047611908, "median_ttft_ms": 133.6006400896048, "std_ttft_ms": 94.4847888757225, "p90_ttft_ms": 292.34535978627866, "p95_ttft_ms": 330.90330125406393, "p99_ttft_ms": 407.6969286948211, "mean_queue_ms": -5e-06, "mean_tpot_ms": 49.31461997070453, "median_tpot_ms": 49.67554489743502, "std_tpot_ms": 18.812838048616708, "p90_tpot_ms": 68.11899547893478, "p95_tpot_ms": 78.21644397665048, "p99_tpot_ms": 107.36119034124026, "mean_itl_ms": 46.85211424742721, "median_itl_ms": 18.067200311842058, "std_itl_ms": 115.89714965552702, "p90_itl_ms": 75.24019132570281, "p95_itl_ms": 211.39587659112811, "p99_itl_ms": 708.6832750497626, "max_itl_ms": 1133.1610696032897, "mean_e2e_latency_ms": 3062.3418421028955, "median_e2e_latency_ms": 2762.6366953258002, "std_e2e_latency_ms": 1743.2177237211263, "p90_e2e_latency_ms": 5447.096697828583, "p95_e2e_latency_ms": 5918.553203987288, "p99_e2e_latency_ms": 6773.076355356853, "mean_prefill_queue_ms": 0.0, "p50_prefill_queue_ms": 0.0, "p95_prefill_queue_ms": 0.0, "p99_prefill_queue_ms": 0.0, "mean_kv_transfer_ms": 0.0, "p50_kv_transfer_ms": 0.0, "p95_kv_transfer_ms": 0.0, "p99_kv_transfer_ms": 0.0, "mean_decode_queue_ms": 0.0, "p50_decode_queue_ms": 0.0, "p95_decode_queue_ms": 0.0, "p99_decode_queue_ms": 0.0, "time_cost": 3.8883674144744873}
