{"num_requests": 200, "completed": 200, "total_input": 232719, "total_output": 12597, "duration": 50.76200099725008, "request_throughput": 3.9399550071092464, "input_throughput": 4584.511946497283, "output_throughput": 248.1580661227759, "total_throughput": 4832.670012620059, "prefix_cache_reused_ratio": 0.0, "disk_prefetch_ratio": 0.0, "mean_ttft_ms": 86.9036196611454, "median_ttft_ms": 82.65308663064808, "std_ttft_ms": 47.450066448550025, "p90_ttft_ms": 164.95610980981007, "p95_ttft_ms": 184.3803420673166, "p99_ttft_ms": 220.73721427127828, "mean_queue_ms": -5e-06, "mean_tpot_ms": 16.938933291201415, "median_tpot_ms": 16.19866758460032, "std_tpot_ms": 5.108762577563135, "p90_tpot_ms": 21.07431361139049, "p95_tpot_ms": 23.8742572094223, "p99_tpot_ms": 33.79399058162905, "mean_itl_ms": 16.489926015995685, "median_itl_ms": 12.430166801600251, "std_itl_ms": 22.677272411453714, "p90_itl_ms": 13.065601287062378, "p95_itl_ms": 28.84661563650326, "p99_itl_ms": 119.99002613689669, "max_itl_ms": 473.2246411936245, "mean_e2e_latency_ms": 1109.0316837626376, "median_e2e_latency_ms": 1041.3620819401372, "std_e2e_latency_ms": 601.3419597366889, "p90_e2e_latency_ms": 1973.9295116355916, "p95_e2e_latency_ms": 2091.471508551133, "p99_e2e_latency_ms": 2404.837433473795, "mean_prefill_queue_ms": 0.0, "p50_prefill_queue_ms": 0.0, "p95_prefill_queue_ms": 0.0, "p99_prefill_queue_ms": 0.0, "mean_kv_transfer_ms": 0.0, "p50_kv_transfer_ms": 0.0, "p95_kv_transfer_ms": 0.0, "p99_kv_transfer_ms": 0.0, "mean_decode_queue_ms": 0.0, "p50_decode_queue_ms": 0.0, "p95_decode_queue_ms": 0.0, "p99_decode_queue_ms": 0.0, "time_cost": 8.691686630249023}
