{"num_requests": 200, "completed": 200, "total_input": 110056, "total_output": 12597, "duration": 50.75660149473291, "request_throughput": 3.940374140706688, "input_throughput": 2168.3090821480764, "output_throughput": 248.18446525241075, "total_throughput": 2416.493547400487, "prefix_cache_reused_ratio": 0.0, "disk_prefetch_ratio": 0.0, "mean_ttft_ms": 46.80775916804598, "median_ttft_ms": 44.43393556381281, "std_ttft_ms": 21.540546093938367, "p90_ttft_ms": 68.75229305269777, "p95_ttft_ms": 81.53737186515258, "p99_ttft_ms": 119.04103361424652, "mean_queue_ms": -5e-06, "mean_tpot_ms": 14.013475406723916, "median_tpot_ms": 13.726766838729134, "std_tpot_ms": 1.8115428440488675, "p90_tpot_ms": 16.101179046020587, "p95_tpot_ms": 17.161361110055235, "p99_tpot_ms": 19.319807379680864, "mean_itl_ms": 14.0115412068074, "median_itl_ms": 12.112586374207979, "std_itl_ms": 10.486324737508639, "p90_itl_ms": 12.37829742435137, "p95_itl_ms": 12.607544218804279, "p99_itl_ms": 64.07393228122925, "max_itl_ms": 176.2705385877723, "mean_e2e_latency_ms": 915.3131408720028, "median_e2e_latency_ms": 902.5157312080205, "std_e2e_latency_ms": 496.17234230232935, "p90_e2e_latency_ms": 1613.9727064175097, "p95_e2e_latency_ms": 1712.2100476920837, "p99_e2e_latency_ms": 1809.4995170426737, "mean_prefill_queue_ms": 0.0, "p50_prefill_queue_ms": 0.0, "p95_prefill_queue_ms": 0.0, "p99_prefill_queue_ms": 0.0, "mean_kv_transfer_ms": 0.0, "p50_kv_transfer_ms": 0.0, "p95_kv_transfer_ms": 0.0, "p99_kv_transfer_ms": 0.0, "mean_decode_queue_ms": 0.0, "p50_decode_queue_ms": 0.0, "p95_decode_queue_ms": 0.0, "p99_decode_queue_ms": 0.0, "time_cost": 11.164076089859009}
