{"num_requests": 200, "completed": 200, "total_input": 25469, "total_output": 12597, "duration": 27.45752173049969, "request_throughput": 7.283978574724787, "input_throughput": 927.578251598328, "output_throughput": 458.7813905290407, "total_throughput": 1386.3596421273687, "prefix_cache_reused_ratio": 0.992147316345361, "disk_prefetch_ratio": 0.0, "mean_ttft_ms": 17.078511395697756, "median_ttft_ms": 17.351803930448995, "std_ttft_ms": 3.3244387942760705, "p90_ttft_ms": 21.655176384750686, "p95_ttft_ms": 22.179942062432012, "p99_ttft_ms": 23.218072130468386, "mean_queue_ms": -5e-06, "mean_tpot_ms": 13.150314463806286, "median_tpot_ms": 13.083949712700107, "std_tpot_ms": 0.7887616357537989, "p90_tpot_ms": 13.957692542280949, "p95_tpot_ms": 14.328296006166841, "p99_tpot_ms": 14.808815528541379, "mean_itl_ms": 13.115663522990735, "median_itl_ms": 12.147402708326815, "std_itl_ms": 3.399728121077053, "p90_itl_ms": 12.423450944421432, "p95_itl_ms": 23.326253865036506, "p99_itl_ms": 23.691769485223002, "max_itl_ms": 34.805855530262164, "mean_e2e_latency_ms": 830.0529148682784, "median_e2e_latency_ms": 839.4579829835474, "std_e2e_latency_ms": 456.6671760803728, "p90_e2e_latency_ms": 1482.8084433376973, "p95_e2e_latency_ms": 1563.972811566591, "p99_e2e_latency_ms": 1658.1270519316706, "mean_prefill_queue_ms": 0.0, "p50_prefill_queue_ms": 0.0, "p95_prefill_queue_ms": 0.0, "p99_prefill_queue_ms": 0.0, "mean_kv_transfer_ms": 0.0, "p50_kv_transfer_ms": 0.0, "p95_kv_transfer_ms": 0.0, "p99_kv_transfer_ms": 0.0, "mean_decode_queue_ms": 0.0, "p50_decode_queue_ms": 0.0, "p95_decode_queue_ms": 0.0, "p99_decode_queue_ms": 0.0, "time_cost": 7.173350095748901}
