{"num_requests": 200, "completed": 200, "total_input": 110056, "total_output": 49461, "duration": 55.280343701101856, "request_throughput": 3.617922512953073, "input_throughput": 1990.870400427817, "output_throughput": 894.7303270658597, "total_throughput": 2885.6007274936765, "prefix_cache_reused_ratio": 0.0, "disk_prefetch_ratio": 0.0, "mean_ttft_ms": 47.54174641443216, "median_ttft_ms": 45.05793496976729, "std_ttft_ms": 20.20689343777556, "p90_ttft_ms": 72.35533525303914, "p95_ttft_ms": 88.2324219713544, "p99_ttft_ms": 107.3086220953394, "mean_queue_ms": -5e-06, "mean_tpot_ms": 15.135109302978526, "median_tpot_ms": 15.051710676884541, "std_tpot_ms": 1.286558081211587, "p90_tpot_ms": 16.461319169092334, "p95_tpot_ms": 16.765421282576057, "p99_tpot_ms": 18.941936657052715, "mean_itl_ms": 15.102882696440913, "median_itl_ms": 13.093706522344206, "std_itl_ms": 10.67266896642529, "p90_itl_ms": 13.797844169339157, "p95_itl_ms": 14.156485267335484, "p99_itl_ms": 64.92909946518566, "max_itl_ms": 168.73138789683395, "mean_e2e_latency_ms": 3767.4572689613115, "median_e2e_latency_ms": 3531.275211085049, "std_e2e_latency_ms": 2149.1152913049636, "p90_e2e_latency_ms": 6838.270821898596, "p95_e2e_latency_ms": 7360.939893057101, "p99_e2e_latency_ms": 7917.564410690036, "mean_prefill_queue_ms": 0.0, "p50_prefill_queue_ms": 0.0, "p95_prefill_queue_ms": 0.0, "p99_prefill_queue_ms": 0.0, "mean_kv_transfer_ms": 0.0, "p50_kv_transfer_ms": 0.0, "p95_kv_transfer_ms": 0.0, "p99_kv_transfer_ms": 0.0, "mean_decode_queue_ms": 0.0, "p50_decode_queue_ms": 0.0, "p95_decode_queue_ms": 0.0, "p99_decode_queue_ms": 0.0, "time_cost": 15.720954418182373}
