{
    "num_requests": 200,
    "completed": 200,
    "total_input": 25469,
    "total_output": 12597,
    "duration": 213.47244717773916,
    "request_throughput": 0.9368890582562073,
    "input_throughput": 119.30813712363673,
    "output_throughput": 59.00995733426722,
    "total_throughput": 178.31809445790395,
    "prefix_cache_reused_ratio": 0.016608425929561427,
    "disk_prefetch_ratio": 0.0,
    "mean_ttft_ms": 19.644142912809706,
    "median_ttft_ms": 18.199756688279223,
    "std_ttft_ms": 4.699275958953694,
    "p90_ttft_ms": 26.756207718568703,
    "p95_ttft_ms": 28.212692648855864,
    "p99_ttft_ms": 31.806883745612552,
    "mean_queue_ms": -5e-06,
    "mean_tpot_ms": 11.54097901770599,
    "median_tpot_ms": 11.497612029053265,
    "std_tpot_ms": 0.44293672783022336,
    "p90_tpot_ms": 11.97467329814948,
    "p95_tpot_ms": 12.153469201247413,
    "p99_tpot_ms": 12.68622663063265,
    "mean_itl_ms": 11.529932243454228,
    "median_itl_ms": 11.24212518988088,
    "std_itl_ms": 1.7316371740929375,
    "p90_itl_ms": 11.636515367900557,
    "p95_itl_ms": 11.655447497872728,
    "p99_itl_ms": 12.078387246123867,
    "max_itl_ms": 59.78841977936611,
    "mean_e2e_latency_ms": 734.3269930233199,
    "median_e2e_latency_ms": 742.27171193143,
    "std_e2e_latency_ms": 399.8886561203971,
    "p90_e2e_latency_ms": 1284.3066934670305,
    "p95_e2e_latency_ms": 1353.4456218168382,
    "p99_e2e_latency_ms": 1450.3413649162642,
    "mean_prefill_queue_ms": 0.0,
    "p50_prefill_queue_ms": 0.0,
    "p95_prefill_queue_ms": 0.0,
    "p99_prefill_queue_ms": 0.0,
    "mean_kv_transfer_ms": 0.0,
    "p50_kv_transfer_ms": 0.0,
    "p95_kv_transfer_ms": 0.0,
    "p99_kv_transfer_ms": 0.0,
    "mean_decode_queue_ms": 0.0,
    "p50_decode_queue_ms": 0.0,
    "p95_decode_queue_ms": 0.0,
    "p99_decode_queue_ms": 0.0,
    "time_cost": 18.475964784622192
}