{"num_requests": 200, "completed": 200, "total_input": 232719, "total_output": 12597, "duration": 25.890260453377046, "request_throughput": 7.72491263114785, "input_throughput": 8988.669713040483, "output_throughput": 486.5536220728473, "total_throughput": 9475.223335113329, "prefix_cache_reused_ratio": 0.0, "disk_prefetch_ratio": 0.0, "mean_ttft_ms": 112.25569979982794, "median_ttft_ms": 93.76838846218493, "std_ttft_ms": 67.52361931615937, "p90_ttft_ms": 204.46479976829752, "p95_ttft_ms": 242.7899016368447, "p99_ttft_ms": 319.3444169115549, "mean_queue_ms": -5e-06, "mean_tpot_ms": 25.838249031714295, "median_tpot_ms": 24.331001836487633, "std_tpot_ms": 9.424601903401737, "p90_tpot_ms": 36.04934106817071, "p95_tpot_ms": 44.858473077809855, "p99_tpot_ms": 64.12151582926252, "mean_itl_ms": 24.914919979270056, "median_itl_ms": 13.565064481969813, "std_itl_ms": 48.61712340187185, "p90_itl_ms": 15.501688673545289, "p95_itl_ms": 87.60663002700625, "p99_itl_ms": 313.3209675499842, "max_itl_ms": 532.6134194382064, "mean_e2e_latency_ms": 1656.607014714882, "median_e2e_latency_ms": 1547.6316274044586, "std_e2e_latency_ms": 924.0671182996861, "p90_e2e_latency_ms": 2936.722401096693, "p95_e2e_latency_ms": 3106.701592546745, "p99_e2e_latency_ms": 3733.5300145350725, "mean_prefill_queue_ms": 0.0, "p50_prefill_queue_ms": 0.0, "p95_prefill_queue_ms": 0.0, "p99_prefill_queue_ms": 0.0, "mean_kv_transfer_ms": 0.0, "p50_kv_transfer_ms": 0.0, "p95_kv_transfer_ms": 0.0, "p99_kv_transfer_ms": 0.0, "mean_decode_queue_ms": 0.0, "p50_decode_queue_ms": 0.0, "p95_decode_queue_ms": 0.0, "p99_decode_queue_ms": 0.0, "time_cost": 7.790201902389526}
