{"num_requests": 200, "completed": 200, "total_input": 217828, "total_output": 49461, "duration": 217.48118235339118, "request_throughput": 0.9196197934725887, "input_throughput": 1001.5947018627353, "output_throughput": 227.42657302473856, "total_throughput": 1229.0212748874737, "prefix_cache_reused_ratio": 0.007923682905778872, "disk_prefetch_ratio": 0.0, "mean_ttft_ms": 65.79636460181631, "median_ttft_ms": 64.61686711102566, "std_ttft_ms": 27.338125798461835, "p90_ttft_ms": 98.05826401564204, "p95_ttft_ms": 104.7119248263129, "p99_ttft_ms": 134.1478101047665, "mean_queue_ms": -5e-06, "mean_tpot_ms": 12.769745387935913, "median_tpot_ms": 12.679152979674809, "std_tpot_ms": 0.7823102627178425, "p90_tpot_ms": 13.749226242632806, "p95_tpot_ms": 14.247941055864956, "p99_tpot_ms": 15.033610223864228, "mean_itl_ms": 12.781724656152148, "median_itl_ms": 11.958878322090527, "std_itl_ms": 7.279673123100634, "p90_itl_ms": 12.63044626588794, "p95_itl_ms": 12.74611415368554, "p99_itl_ms": 39.59250706419811, "max_itl_ms": 184.8589742511777, "mean_e2e_latency_ms": 3213.9990560353713, "median_e2e_latency_ms": 2968.9386235579605, "std_e2e_latency_ms": 1817.8181293813864, "p90_e2e_latency_ms": 5915.991346793106, "p95_e2e_latency_ms": 6219.178611749513, "p99_e2e_latency_ms": 6557.8051492435925, "mean_prefill_queue_ms": 0.0, "p50_prefill_queue_ms": 0.0, "p95_prefill_queue_ms": 0.0, "p99_prefill_queue_ms": 0.0, "mean_kv_transfer_ms": 0.0, "p50_kv_transfer_ms": 0.0, "p95_kv_transfer_ms": 0.0, "p99_kv_transfer_ms": 0.0, "mean_decode_queue_ms": 0.0, "p50_decode_queue_ms": 0.0, "p95_decode_queue_ms": 0.0, "p99_decode_queue_ms": 0.0, "time_cost": 30.118727445602417}
