{"num_requests": 200, "completed": 200, "total_input": 232719, "total_output": 49461, "duration": 104.89633045730801, "request_throughput": 1.9066443900189478, "input_throughput": 2218.5618790040976, "output_throughput": 471.52269087363584, "total_throughput": 2690.0845698777334, "prefix_cache_reused_ratio": 0.0, "disk_prefetch_ratio": 0.0, "mean_ttft_ms": 77.07954203148181, "median_ttft_ms": 77.29028582886244, "std_ttft_ms": 35.651323469620834, "p90_ttft_ms": 124.34728278615879, "p95_ttft_ms": 141.7796671641568, "p99_ttft_ms": 173.69908453863053, "mean_queue_ms": -5e-06, "mean_tpot_ms": 14.680926966249347, "median_tpot_ms": 14.570670745239028, "std_tpot_ms": 1.8164704141218482, "p90_tpot_ms": 16.303423977643444, "p95_tpot_ms": 16.67204986278519, "p99_tpot_ms": 18.59483728032268, "mean_itl_ms": 14.614098559707331, "median_itl_ms": 12.769812439401562, "std_itl_ms": 13.82021707063416, "p90_itl_ms": 13.650641624828097, "p95_itl_ms": 13.769426149845998, "p99_itl_ms": 88.65068915159213, "max_itl_ms": 282.193770987881, "mean_e2e_latency_ms": 3676.6050877801954, "median_e2e_latency_ms": 3567.7980515666336, "std_e2e_latency_ms": 2065.0583176148493, "p90_e2e_latency_ms": 6653.591655210914, "p95_e2e_latency_ms": 7111.886359086683, "p99_e2e_latency_ms": 7481.510763548943, "mean_prefill_queue_ms": 0.0, "p50_prefill_queue_ms": 0.0, "p95_prefill_queue_ms": 0.0, "p99_prefill_queue_ms": 0.0, "mean_kv_transfer_ms": 0.0, "p50_kv_transfer_ms": 0.0, "p95_kv_transfer_ms": 0.0, "p99_kv_transfer_ms": 0.0, "mean_decode_queue_ms": 0.0, "p50_decode_queue_ms": 0.0, "p95_decode_queue_ms": 0.0, "p99_decode_queue_ms": 0.0, "time_cost": 17.838735818862915}
