{"num_requests": 200, "completed": 200, "total_input": 27177, "total_output": 49461, "duration": 22.537006508011256, "request_throughput": 8.874293040156232, "input_throughput": 1205.8833097616296, "output_throughput": 2194.657040295837, "total_throughput": 3400.5403500574666, "prefix_cache_reused_ratio": 0.0, "disk_prefetch_ratio": 0.0, "mean_ttft_ms": 26.183359014598622, "median_ttft_ms": 25.56571718034134, "std_ttft_ms": 6.715814312088188, "p90_ttft_ms": 35.85825471758815, "p95_ttft_ms": 38.75459205339194, "p99_ttft_ms": 42.64223588415167, "mean_queue_ms": -5e-06, "mean_tpot_ms": 17.500537548862813, "median_tpot_ms": 17.88346491950421, "std_tpot_ms": 1.4478362109292056, "p90_tpot_ms": 18.78076236887796, "p95_tpot_ms": 19.11201043888839, "p99_tpot_ms": 21.022953088184998, "mean_itl_ms": 17.37296163872187, "median_itl_ms": 14.84636304188136, "std_itl_ms": 8.422206455738253, "p90_itl_ms": 30.38744327585352, "p95_itl_ms": 33.2502571737372, "p99_itl_ms": 54.984125176380516, "max_itl_ms": 84.44396496626716, "mean_e2e_latency_ms": 4305.230675439989, "median_e2e_latency_ms": 4113.743197873723, "std_e2e_latency_ms": 2451.222959460947, "p90_e2e_latency_ms": 7836.530581486505, "p95_e2e_latency_ms": 8467.154604030638, "p99_e2e_latency_ms": 8960.707595973992, "mean_prefill_queue_ms": 0.0, "p50_prefill_queue_ms": 0.0, "p95_prefill_queue_ms": 0.0, "p99_prefill_queue_ms": 0.0, "mean_kv_transfer_ms": 0.0, "p50_kv_transfer_ms": 0.0, "p95_kv_transfer_ms": 0.0, "p99_kv_transfer_ms": 0.0, "mean_decode_queue_ms": 0.0, "p50_decode_queue_ms": 0.0, "p95_decode_queue_ms": 0.0, "p99_decode_queue_ms": 0.0, "time_cost": 6.939284801483154}
