{
    "num_requests": 200,
    "completed": 200,
    "total_input": 102982,
    "total_output": 12597,
    "duration": 213.46867946567414,
    "request_throughput": 0.9369055943036368,
    "input_throughput": 482.4220595628857,
    "output_throughput": 59.01099885721457,
    "total_throughput": 541.4330584201002,
    "prefix_cache_reused_ratio": 0.006816725252956827,
    "disk_prefetch_ratio": 0.0,
    "mean_ttft_ms": 37.0805140186895,
    "median_ttft_ms": 37.396839443324836,
    "std_ttft_ms": 13.46127785121502,
    "p90_ttft_ms": 54.208634549056,
    "p95_ttft_ms": 58.139152174592816,
    "p99_ttft_ms": 61.41186475170485,
    "mean_queue_ms": -5e-06,
    "mean_tpot_ms": 11.860105361498915,
    "median_tpot_ms": 11.698500731378466,
    "std_tpot_ms": 0.8346820652455871,
    "p90_tpot_ms": 12.57883960191175,
    "p95_tpot_ms": 13.101841316635936,
    "p99_tpot_ms": 14.260950469641887,
    "mean_itl_ms": 11.832595131639483,
    "median_itl_ms": 11.370815075025575,
    "std_itl_ms": 3.785117480803551,
    "p90_itl_ms": 11.747671518946845,
    "p95_itl_ms": 11.76789115157817,
    "p99_itl_ms": 12.160917429305584,
    "max_itl_ms": 80.11116866975243,
    "mean_e2e_latency_ms": 770.5239232533629,
    "median_e2e_latency_ms": 771.3450182899635,
    "std_e2e_latency_ms": 409.1303077032643,
    "p90_e2e_latency_ms": 1326.9179633094502,
    "p95_e2e_latency_ms": 1400.8612670797463,
    "p99_e2e_latency_ms": 1525.561151521411,
    "mean_prefill_queue_ms": 0.0,
    "p50_prefill_queue_ms": 0.0,
    "p95_prefill_queue_ms": 0.0,
    "p99_prefill_queue_ms": 0.0,
    "mean_kv_transfer_ms": 0.0,
    "p50_kv_transfer_ms": 0.0,
    "p95_kv_transfer_ms": 0.0,
    "p99_kv_transfer_ms": 0.0,
    "mean_decode_queue_ms": 0.0,
    "p50_decode_queue_ms": 0.0,
    "p95_decode_queue_ms": 0.0,
    "p99_decode_queue_ms": 0.0,
    "time_cost": 18.30828619003296
}