{"num_requests": 200, "completed": 200, "total_input": 110056, "total_output": 49461, "duration": 203.88421839646182, "request_throughput": 0.9809489011606146, "input_throughput": 539.796561330663, "output_throughput": 242.59356800152582, "total_throughput": 782.3901293321888, "prefix_cache_reused_ratio": 0.0, "disk_prefetch_ratio": 0.0, "mean_ttft_ms": 42.17647948765484, "median_ttft_ms": 42.50807089533737, "std_ttft_ms": 15.439601585920782, "p90_ttft_ms": 59.561956883999294, "p95_ttft_ms": 64.37509765554647, "p99_ttft_ms": 79.16122907498944, "mean_queue_ms": -5e-06, "mean_tpot_ms": 12.44342321693298, "median_tpot_ms": 12.339169380420488, "std_tpot_ms": 0.7341386929091701, "p90_tpot_ms": 13.078622389453303, "p95_tpot_ms": 13.290034019653566, "p99_tpot_ms": 14.4332756092577, "mean_itl_ms": 12.403058761601903, "median_itl_ms": 11.815967168459451, "std_itl_ms": 4.575670568324421, "p90_itl_ms": 12.36049134287498, "p95_itl_ms": 12.393906039335434, "p99_itl_ms": 30.026358511408144, "max_itl_ms": 114.9122475641775, "mean_e2e_latency_ms": 3097.1118677640115, "median_e2e_latency_ms": 2949.885721870324, "std_e2e_latency_ms": 1750.5153346202871, "p90_e2e_latency_ms": 5573.604275962731, "p95_e2e_latency_ms": 5988.849046814617, "p99_e2e_latency_ms": 6277.411058433705, "mean_prefill_queue_ms": 0.0, "p50_prefill_queue_ms": 0.0, "p95_prefill_queue_ms": 0.0, "p99_prefill_queue_ms": 0.0, "mean_kv_transfer_ms": 0.0, "p50_kv_transfer_ms": 0.0, "p95_kv_transfer_ms": 0.0, "p99_kv_transfer_ms": 0.0, "mean_decode_queue_ms": 0.0, "p50_decode_queue_ms": 0.0, "p95_decode_queue_ms": 0.0, "p99_decode_queue_ms": 0.0, "time_cost": 28.973185777664185}
