{
    "num_requests": 200,
    "completed": 200,
    "total_input": 217828,
    "total_output": 12597,
    "duration": 19.253172551159064,
    "request_throughput": 10.387898382386842,
    "input_throughput": 11313.875644192805,
    "output_throughput": 654.2817796146353,
    "total_throughput": 11968.15742380744,
    "prefix_cache_reused_ratio": 0.007923682905778872,
    "disk_prefetch_ratio": 0.0,
    "mean_ttft_ms": 120.59482703894543,
    "median_ttft_ms": 100.28487095507266,
    "std_ttft_ms": 71.06587371668121,
    "p90_ttft_ms": 229.76754979409824,
    "p95_ttft_ms": 249.52040044689295,
    "p99_ttft_ms": 309.1148339392921,
    "mean_queue_ms": -5e-06,
    "mean_tpot_ms": 41.518378807749464,
    "median_tpot_ms": 36.3989853324988,
    "std_tpot_ms": 23.48508436303476,
    "p90_tpot_ms": 59.878116612613276,
    "p95_tpot_ms": 76.09416905029155,
    "p99_tpot_ms": 137.2025978201757,
    "mean_itl_ms": 38.47030366725302,
    "median_itl_ms": 15.250697775417876,
    "std_itl_ms": 105.66553601641513,
    "p90_itl_ms": 65.62596098023654,
    "p95_itl_ms": 164.7701979244598,
    "p99_itl_ms": 459.17033574670893,
    "max_itl_ms": 1584.0698817458758,
    "mean_e2e_latency_ms": 2505.176599853624,
    "median_e2e_latency_ms": 2355.027053780006,
    "std_e2e_latency_ms": 1486.1812804611295,
    "p90_e2e_latency_ms": 4702.289308553302,
    "p95_e2e_latency_ms": 5231.035907714451,
    "p99_e2e_latency_ms": 5947.567501841419,
    "mean_prefill_queue_ms": 0.0,
    "p50_prefill_queue_ms": 0.0,
    "p95_prefill_queue_ms": 0.0,
    "p99_prefill_queue_ms": 0.0,
    "mean_kv_transfer_ms": 0.0,
    "p50_kv_transfer_ms": 0.0,
    "p95_kv_transfer_ms": 0.0,
    "p99_kv_transfer_ms": 0.0,
    "mean_decode_queue_ms": 0.0,
    "p50_decode_queue_ms": 0.0,
    "p95_decode_queue_ms": 0.0,
    "p99_decode_queue_ms": 0.0,
    "time_cost": 4.95876932144165
}