{"num_requests": 200, "completed": 200, "total_input": 102982, "total_output": 12597, "duration": 54.01525317343127, "request_throughput": 3.7026578281109477, "input_throughput": 1906.5355422726082, "output_throughput": 233.21190330356805, "total_throughput": 2139.7474455761762, "prefix_cache_reused_ratio": 0.006816725252956827, "disk_prefetch_ratio": 0.0, "mean_ttft_ms": 41.730678859377036, "median_ttft_ms": 41.93554346422523, "std_ttft_ms": 14.549018944345947, "p90_ttft_ms": 59.700595427003655, "p95_ttft_ms": 62.35293711620251, "p99_ttft_ms": 73.83235957996243, "mean_queue_ms": -5e-06, "mean_tpot_ms": 13.659533328554305, "median_tpot_ms": 13.368307066449756, "std_tpot_ms": 1.9840709935025893, "p90_tpot_ms": 15.20632233417741, "p95_tpot_ms": 16.76430099701456, "p99_tpot_ms": 18.589775980544072, "mean_itl_ms": 13.58221669468131, "median_itl_ms": 11.772655395581921, "std_itl_ms": 8.868103097410003, "p90_itl_ms": 12.277173475290226, "p95_itl_ms": 12.368443748798086, "p99_itl_ms": 63.03029081155631, "max_itl_ms": 175.22275898610485, "mean_e2e_latency_ms": 883.6243806791981, "median_e2e_latency_ms": 859.3086579618819, "std_e2e_latency_ms": 474.9373024759666, "p90_e2e_latency_ms": 1534.7864459675618, "p95_e2e_latency_ms": 1662.4112120568013, "p99_e2e_latency_ms": 1776.7370142284342, "mean_prefill_queue_ms": 0.0, "p50_prefill_queue_ms": 0.0, "p95_prefill_queue_ms": 0.0, "p99_prefill_queue_ms": 0.0, "mean_kv_transfer_ms": 0.0, "p50_kv_transfer_ms": 0.0, "p95_kv_transfer_ms": 0.0, "p99_kv_transfer_ms": 0.0, "mean_decode_queue_ms": 0.0, "p50_decode_queue_ms": 0.0, "p95_decode_queue_ms": 0.0, "p99_decode_queue_ms": 0.0, "time_cost": 10.123571157455444}
