{"num_requests": 200, "completed": 200, "total_input": 217828, "total_output": 49461, "duration": 28.241866048856746, "request_throughput": 7.081685029381979, "input_throughput": 7712.946432901089, "output_throughput": 1751.3361161913103, "total_throughput": 9464.282549092399, "prefix_cache_reused_ratio": 0.007923682905778872, "disk_prefetch_ratio": 0.0, "mean_ttft_ms": 123.728111826136, "median_ttft_ms": 104.98455682895181, "std_ttft_ms": 70.96584526902612, "p90_ttft_ms": 232.6483537936082, "p95_ttft_ms": 256.2946388236881, "p99_ttft_ms": 304.29043336121975, "mean_queue_ms": -5e-06, "mean_tpot_ms": 48.94582286987761, "median_tpot_ms": 46.441827730244356, "std_tpot_ms": 16.84024692234317, "p90_tpot_ms": 73.18127059716753, "p95_tpot_ms": 80.37277954224956, "p99_tpot_ms": 98.50294978421778, "mean_itl_ms": 44.33668776153081, "median_itl_ms": 29.660324936109816, "std_itl_ms": 94.03442751713551, "p90_itl_ms": 33.45119050275969, "p95_itl_ms": 113.4525690371504, "p99_itl_ms": 499.6214942255541, "max_itl_ms": 1579.627619702757, "mean_e2e_latency_ms": 11044.075990929983, "median_e2e_latency_ms": 10485.223319560448, "std_e2e_latency_ms": 5688.225135855073, "p90_e2e_latency_ms": 19269.8588507906, "p95_e2e_latency_ms": 20474.636629436027, "p99_e2e_latency_ms": 22624.700631672662, "mean_prefill_queue_ms": 0.0, "p50_prefill_queue_ms": 0.0, "p95_prefill_queue_ms": 0.0, "p99_prefill_queue_ms": 0.0, "mean_kv_transfer_ms": 0.0, "p50_kv_transfer_ms": 0.0, "p95_kv_transfer_ms": 0.0, "p99_kv_transfer_ms": 0.0, "mean_decode_queue_ms": 0.0, "p50_decode_queue_ms": 0.0, "p95_decode_queue_ms": 0.0, "p99_decode_queue_ms": 0.0, "time_cost": 6.1385180950164795}
