{"num_requests": 200, "completed": 200, "total_input": 25469, "total_output": 49461, "duration": 58.56421201940385, "request_throughput": 3.415054913293033, "input_throughput": 434.89016793330126, "output_throughput": 844.5601553319335, "total_throughput": 1279.4503232652348, "prefix_cache_reused_ratio": 0.992147316345361, "disk_prefetch_ratio": 0.0, "mean_ttft_ms": 17.27516145139856, "median_ttft_ms": 17.429756707084465, "std_ttft_ms": 3.7166067719167084, "p90_ttft_ms": 21.94617853340013, "p95_ttft_ms": 22.590879940539207, "p99_ttft_ms": 23.31315120565197, "mean_queue_ms": -5e-06, "mean_tpot_ms": 12.969421599040711, "median_tpot_ms": 13.00039904421172, "std_tpot_ms": 0.3148734368566915, "p90_tpot_ms": 13.324134570165228, "p95_tpot_ms": 13.458500105620594, "p99_tpot_ms": 13.538387113205053, "mean_itl_ms": 12.980880065198365, "median_itl_ms": 12.486869458102845, "std_itl_ms": 2.3811590355103536, "p90_itl_ms": 12.753960553467891, "p95_itl_ms": 12.898080799253364, "p99_itl_ms": 23.872341345807513, "max_itl_ms": 35.166996135522766, "mean_e2e_latency_ms": 3214.530825910082, "median_e2e_latency_ms": 3045.8086222896163, "std_e2e_latency_ms": 1837.9995236030084, "p90_e2e_latency_ms": 5875.891078572705, "p95_e2e_latency_ms": 6218.4730049093, "p99_e2e_latency_ms": 6615.423588404974, "mean_prefill_queue_ms": 0.0, "p50_prefill_queue_ms": 0.0, "p95_prefill_queue_ms": 0.0, "p99_prefill_queue_ms": 0.0, "mean_kv_transfer_ms": 0.0, "p50_kv_transfer_ms": 0.0, "p95_kv_transfer_ms": 0.0, "p99_kv_transfer_ms": 0.0, "mean_decode_queue_ms": 0.0, "p50_decode_queue_ms": 0.0, "p95_decode_queue_ms": 0.0, "p99_decode_queue_ms": 0.0, "time_cost": 12.426891565322876}
