{"num_requests": 200, "completed": 200, "total_input": 102982, "total_output": 12597, "duration": 107.15406944574393, "request_throughput": 1.866471343874321, "input_throughput": 961.0647596743266, "output_throughput": 117.55969759392411, "total_throughput": 1078.6244572682508, "prefix_cache_reused_ratio": 0.9980579130333457, "disk_prefetch_ratio": 0.0, "mean_ttft_ms": 15.906768740081123, "median_ttft_ms": 15.725784611607452, "std_ttft_ms": 3.7978955232802765, "p90_ttft_ms": 21.227440831340513, "p95_ttft_ms": 21.950510118589502, "p99_ttft_ms": 22.50582859521547, "mean_queue_ms": -5e-06, "mean_tpot_ms": 11.849905926409544, "median_tpot_ms": 11.803124819877247, "std_tpot_ms": 0.3653285282108925, "p90_tpot_ms": 12.242197504440156, "p95_tpot_ms": 12.436437819705786, "p99_tpot_ms": 12.818956193319861, "mean_itl_ms": 11.847440488450633, "median_itl_ms": 11.69319713152106, "std_itl_ms": 1.7253594478021443, "p90_itl_ms": 11.794246402374142, "p95_itl_ms": 11.838345610357237, "p99_itl_ms": 23.064981519674742, "max_itl_ms": 34.824232927624266, "mean_e2e_latency_ms": 750.2703674166935, "median_e2e_latency_ms": 752.9836806654941, "std_e2e_latency_ms": 409.87635253353966, "p90_e2e_latency_ms": 1314.9934003419664, "p95_e2e_latency_ms": 1375.4522084299554, "p99_e2e_latency_ms": 1494.2326226608386, "mean_prefill_queue_ms": 0.0, "p50_prefill_queue_ms": 0.0, "p95_prefill_queue_ms": 0.0, "p99_prefill_queue_ms": 0.0, "mean_kv_transfer_ms": 0.0, "p50_kv_transfer_ms": 0.0, "p95_kv_transfer_ms": 0.0, "p99_kv_transfer_ms": 0.0, "mean_decode_queue_ms": 0.0, "p50_decode_queue_ms": 0.0, "p95_decode_queue_ms": 0.0, "p99_decode_queue_ms": 0.0, "time_cost": 14.807718276977539}
