{"num_requests": 200, "completed": 200, "total_input": 25469, "total_output": 12597, "duration": 18.763891757731173, "request_throughput": 10.65876965089586, "input_throughput": 1357.3410211933333, "output_throughput": 671.3426064616757, "total_throughput": 2028.683627655009, "prefix_cache_reused_ratio": 0.016608425929561427, "disk_prefetch_ratio": 0.0, "mean_ttft_ms": 24.40256889220424, "median_ttft_ms": 24.245974377389288, "std_ttft_ms": 5.309797045707279, "p90_ttft_ms": 29.787057657996385, "p95_ttft_ms": 35.2861735986365, "p99_ttft_ms": 38.97609579807847, "mean_queue_ms": -5e-06, "mean_tpot_ms": 15.014178692036303, "median_tpot_ms": 14.932892252800384, "std_tpot_ms": 1.3625208759162994, "p90_tpot_ms": 16.76142229180043, "p95_tpot_ms": 17.19910377337261, "p99_tpot_ms": 18.379583301009657, "mean_itl_ms": 14.993910429214035, "median_itl_ms": 12.391809387676034, "std_itl_ms": 7.595585127987795, "p90_itl_ms": 28.08028123411077, "p95_itl_ms": 30.357726196108104, "p99_itl_ms": 45.80642545285407, "max_itl_ms": 91.0838057652006, "mean_e2e_latency_ms": 953.8001068470363, "median_e2e_latency_ms": 967.8161518287711, "std_e2e_latency_ms": 525.0010897320018, "p90_e2e_latency_ms": 1729.069468153001, "p95_e2e_latency_ms": 1786.5013267861182, "p99_e2e_latency_ms": 1908.6117252900292, "mean_prefill_queue_ms": 0.0, "p50_prefill_queue_ms": 0.0, "p95_prefill_queue_ms": 0.0, "p99_prefill_queue_ms": 0.0, "mean_kv_transfer_ms": 0.0, "p50_kv_transfer_ms": 0.0, "p95_kv_transfer_ms": 0.0, "p99_kv_transfer_ms": 0.0, "mean_decode_queue_ms": 0.0, "p50_decode_queue_ms": 0.0, "p95_decode_queue_ms": 0.0, "p99_decode_queue_ms": 0.0, "time_cost": 6.039461851119995}
