{
    "num_requests": 200,
    "completed": 200,
    "total_input": 25469,
    "total_output": 12597,
    "duration": 213.47220544863393,
    "request_throughput": 0.9368901191594442,
    "input_throughput": 119.30827222435943,
    "output_throughput": 59.0100241552576,
    "total_throughput": 178.318296379617,
    "prefix_cache_reused_ratio": 0.016608425929561427,
    "disk_prefetch_ratio": 0.0,
    "mean_ttft_ms": 19.58443041953489,
    "median_ttft_ms": 18.199337080648803,
    "std_ttft_ms": 4.65431055393527,
    "p90_ttft_ms": 26.6143446259278,
    "p95_ttft_ms": 28.133038292145283,
    "p99_ttft_ms": 31.71206993877738,
    "mean_queue_ms": -5e-06,
    "mean_tpot_ms": 11.539004116774926,
    "median_tpot_ms": 11.495622662899656,
    "std_tpot_ms": 0.4425477256768498,
    "p90_tpot_ms": 11.972943970379895,
    "p95_tpot_ms": 12.152660077825587,
    "p99_tpot_ms": 12.68551303421617,
    "mean_itl_ms": 11.528003322894785,
    "median_itl_ms": 11.241282159915045,
    "std_itl_ms": 1.730111962769007,
    "p90_itl_ms": 11.636337166542887,
    "p95_itl_ms": 11.654598347377032,
    "p99_itl_ms": 12.07807022096219,
    "max_itl_ms": 59.75547096122824,
    "mean_e2e_latency_ms": 734.1477163891682,
    "median_e2e_latency_ms": 742.2318894910588,
    "std_e2e_latency_ms": 399.8187431582993,
    "p90_e2e_latency_ms": 1283.9679557295794,
    "p95_e2e_latency_ms": 1353.2439898421383,
    "p99_e2e_latency_ms": 1450.184159799011,
    "mean_prefill_queue_ms": 0.0,
    "p50_prefill_queue_ms": 0.0,
    "p95_prefill_queue_ms": 0.0,
    "p99_prefill_queue_ms": 0.0,
    "mean_kv_transfer_ms": 0.09213247999968177,
    "p50_kv_transfer_ms": 0.09430400000187689,
    "p95_kv_transfer_ms": 0.15884480000920576,
    "p99_kv_transfer_ms": 0.16631552000390568,
    "mean_decode_queue_ms": 11.541883344724258,
    "p50_decode_queue_ms": 11.141215905851709,
    "p95_decode_queue_ms": 11.588810385590165,
    "p99_decode_queue_ms": 27.606499778030123,
    "time_cost": 40.47984194755554
}