{
    "num_requests": 200,
    "completed": 200,
    "total_input": 102982,
    "total_output": 12597,
    "duration": 213.4666107347396,
    "request_throughput": 0.9369146739699089,
    "input_throughput": 482.4267347738458,
    "output_throughput": 59.01157073999471,
    "total_throughput": 541.4383055138405,
    "prefix_cache_reused_ratio": 0.2495678856499194,
    "disk_prefetch_ratio": 0.0,
    "mean_ttft_ms": 29.70735869263417,
    "median_ttft_ms": 30.4362189382843,
    "std_ttft_ms": 12.164673967860617,
    "p90_ttft_ms": 44.95483726783362,
    "p95_ttft_ms": 50.65512419794533,
    "p99_ttft_ms": 51.65938423547032,
    "mean_queue_ms": -5e-06,
    "mean_tpot_ms": 11.777097758234444,
    "median_tpot_ms": 11.678793793634679,
    "std_tpot_ms": 0.6754592384212095,
    "p90_tpot_ms": 12.400292224120886,
    "p95_tpot_ms": 12.7302993182872,
    "p99_tpot_ms": 13.84597145019108,
    "mean_itl_ms": 11.754837968474462,
    "median_itl_ms": 11.369315449883288,
    "std_itl_ms": 3.0540714992010662,
    "p90_itl_ms": 11.746979103975264,
    "p95_itl_ms": 11.766418112711106,
    "p99_itl_ms": 12.161220145905816,
    "max_itl_ms": 61.70225660524409,
    "mean_e2e_latency_ms": 758.3309901685236,
    "median_e2e_latency_ms": 761.6191366352823,
    "std_e2e_latency_ms": 405.7423170455724,
    "p90_e2e_latency_ms": 1310.8881121891698,
    "p95_e2e_latency_ms": 1396.8660477956012,
    "p99_e2e_latency_ms": 1494.8406133244869,
    "mean_prefill_queue_ms": 0.0,
    "p50_prefill_queue_ms": 0.0,
    "p95_prefill_queue_ms": 0.0,
    "p99_prefill_queue_ms": 0.0,
    "mean_kv_transfer_ms": 0.0,
    "p50_kv_transfer_ms": 0.0,
    "p95_kv_transfer_ms": 0.0,
    "p99_kv_transfer_ms": 0.0,
    "mean_decode_queue_ms": 0.0,
    "p50_decode_queue_ms": 0.0,
    "p95_decode_queue_ms": 0.0,
    "p99_decode_queue_ms": 0.0,
    "time_cost": 18.851634979248047
}