{"num_requests": 200, "completed": 200, "total_input": 110056, "total_output": 49461, "duration": 104.74925412147682, "request_throughput": 1.90932147133059, "input_throughput": 1050.6614192437971, "output_throughput": 472.18474646741157, "total_throughput": 1522.8461657112086, "prefix_cache_reused_ratio": 0.0, "disk_prefetch_ratio": 0.0, "mean_ttft_ms": 44.499568498621315, "median_ttft_ms": 43.09095339922653, "std_ttft_ms": 17.40328027027101, "p90_ttft_ms": 64.30919720561405, "p95_ttft_ms": 71.42553799033757, "p99_ttft_ms": 90.27335959279193, "mean_queue_ms": -5e-06, "mean_tpot_ms": 13.333754906308299, "median_tpot_ms": 13.334758260701983, "std_tpot_ms": 0.8441634412860476, "p90_tpot_ms": 14.288441303734821, "p95_tpot_ms": 14.517543022709548, "p99_tpot_ms": 15.132797770365892, "mean_itl_ms": 13.318727655032742, "median_itl_ms": 12.377771324537434, "std_itl_ms": 6.969608381557104, "p90_itl_ms": 12.783029366815413, "p95_itl_ms": 12.865929242092733, "p99_itl_ms": 53.575060082110326, "max_itl_ms": 191.35270466647114, "mean_e2e_latency_ms": 3324.9687835714612, "median_e2e_latency_ms": 3193.5899628959737, "std_e2e_latency_ms": 1881.5386960423891, "p90_e2e_latency_ms": 6009.309338825361, "p95_e2e_latency_ms": 6385.341923478123, "p99_e2e_latency_ms": 6709.468943426128, "mean_prefill_queue_ms": 0.0, "p50_prefill_queue_ms": 0.0, "p95_prefill_queue_ms": 0.0, "p99_prefill_queue_ms": 0.0, "mean_kv_transfer_ms": 0.0, "p50_kv_transfer_ms": 0.0, "p95_kv_transfer_ms": 0.0, "p99_kv_transfer_ms": 0.0, "mean_decode_queue_ms": 0.0, "p50_decode_queue_ms": 0.0, "p95_decode_queue_ms": 0.0, "p99_decode_queue_ms": 0.0, "time_cost": 19.046574592590332}
