{"num_requests": 200, "completed": 200, "total_input": 27177, "total_output": 12597, "duration": 50.748694044500574, "request_throughput": 3.9409881134009828, "input_throughput": 535.5211697894925, "output_throughput": 248.2231363225609, "total_throughput": 783.7443061120534, "prefix_cache_reused_ratio": 0.0, "disk_prefetch_ratio": 0.0, "mean_ttft_ms": 23.370510439239276, "median_ttft_ms": 23.10184522668024, "std_ttft_ms": 5.229236450959515, "p90_ttft_ms": 30.259292508355347, "p95_ttft_ms": 32.21704556613404, "p99_ttft_ms": 37.62836590368595, "mean_queue_ms": -5e-06, "mean_tpot_ms": 12.686999774858936, "median_tpot_ms": 12.563177616936086, "std_tpot_ms": 0.861881086105753, "p90_tpot_ms": 13.72296576263143, "p95_tpot_ms": 13.971516988048064, "p99_tpot_ms": 15.298567729419194, "mean_itl_ms": 12.690165410617052, "median_itl_ms": 11.666486454297242, "std_itl_ms": 4.260037094717554, "p90_itl_ms": 12.166935595296025, "p95_itl_ms": 12.347876652196277, "p99_itl_ms": 33.57657659501001, "max_itl_ms": 70.2023557090925, "mean_e2e_latency_ms": 809.9704134163374, "median_e2e_latency_ms": 811.3670213333854, "std_e2e_latency_ms": 442.57121040680573, "p90_e2e_latency_ms": 1423.2332024121254, "p95_e2e_latency_ms": 1494.3168874537105, "p99_e2e_latency_ms": 1590.4450198124912, "mean_prefill_queue_ms": 0.0, "p50_prefill_queue_ms": 0.0, "p95_prefill_queue_ms": 0.0, "p99_prefill_queue_ms": 0.0, "mean_kv_transfer_ms": 0.0, "p50_kv_transfer_ms": 0.0, "p95_kv_transfer_ms": 0.0, "p99_kv_transfer_ms": 0.0, "mean_decode_queue_ms": 0.0, "p50_decode_queue_ms": 0.0, "p95_decode_queue_ms": 0.0, "p99_decode_queue_ms": 0.0, "time_cost": 11.902732133865356}
