{"num_requests": 200, "completed": 200, "total_input": 217828, "total_output": 49461, "duration": 111.65655562616782, "request_throughput": 1.7912069638760022, "input_throughput": 1950.875152635909, "output_throughput": 442.9744382013547, "total_throughput": 2393.849590837264, "prefix_cache_reused_ratio": 0.007923682905778872, "disk_prefetch_ratio": 0.0, "mean_ttft_ms": 68.34618888661855, "median_ttft_ms": 68.34092399009073, "std_ttft_ms": 28.283625434398207, "p90_ttft_ms": 104.02183160740606, "p95_ttft_ms": 110.76786825379611, "p99_ttft_ms": 140.9398052657381, "mean_queue_ms": -5e-06, "mean_tpot_ms": 14.283854611744546, "median_tpot_ms": 14.213439773588748, "std_tpot_ms": 1.316925174282645, "p90_tpot_ms": 15.975106796705173, "p95_tpot_ms": 16.675161599819123, "p99_tpot_ms": 18.14077817761311, "mean_itl_ms": 14.223803995029527, "median_itl_ms": 12.630446265901263, "std_itl_ms": 11.354540728535028, "p90_itl_ms": 13.444836394569393, "p95_itl_ms": 13.958354149849583, "p99_itl_ms": 84.5694270320081, "max_itl_ms": 235.98998221836177, "mean_e2e_latency_ms": 3571.7402318823656, "median_e2e_latency_ms": 3333.9982270563373, "std_e2e_latency_ms": 2020.1868824659787, "p90_e2e_latency_ms": 6376.479213605495, "p95_e2e_latency_ms": 6842.719621978267, "p99_e2e_latency_ms": 7609.21940320447, "mean_prefill_queue_ms": 0.0, "p50_prefill_queue_ms": 0.0, "p95_prefill_queue_ms": 0.0, "p99_prefill_queue_ms": 0.0, "mean_kv_transfer_ms": 0.0, "p50_kv_transfer_ms": 0.0, "p95_kv_transfer_ms": 0.0, "p99_kv_transfer_ms": 0.0, "mean_decode_queue_ms": 0.0, "p50_decode_queue_ms": 0.0, "p95_decode_queue_ms": 0.0, "p99_decode_queue_ms": 0.0, "time_cost": 17.274657726287842}
