{"num_requests": 200, "completed": 200, "total_input": 110056, "total_output": 12597, "duration": 17.64120032335399, "request_throughput": 11.337097041817136, "input_throughput": 6238.577760171133, "output_throughput": 714.0670571788523, "total_throughput": 6952.644817349986, "prefix_cache_reused_ratio": 0.0, "disk_prefetch_ratio": 0.0, "mean_ttft_ms": 59.98219483745936, "median_ttft_ms": 51.723346136998586, "std_ttft_ms": 33.57666624499251, "p90_ttft_ms": 109.48281322491258, "p95_ttft_ms": 134.1631194615596, "p99_ttft_ms": 165.70862840148217, "mean_queue_ms": -5e-06, "mean_tpot_ms": 21.61865482626815, "median_tpot_ms": 21.286883456853914, "std_tpot_ms": 5.434185880550344, "p90_tpot_ms": 27.538159869182678, "p95_tpot_ms": 31.891046741803283, "p99_tpot_ms": 39.0926442914287, "mean_itl_ms": 21.09630032233464, "median_itl_ms": 12.937562939326241, "std_itl_ms": 28.118264722269608, "p90_itl_ms": 40.891626219569545, "p95_itl_ms": 64.87223264127162, "p99_itl_ms": 155.27414022904475, "max_itl_ms": 295.5013436737257, "mean_e2e_latency_ms": 1367.636370317372, "median_e2e_latency_ms": 1281.0258016939208, "std_e2e_latency_ms": 755.5892977003246, "p90_e2e_latency_ms": 2395.840725709914, "p95_e2e_latency_ms": 2600.343908821953, "p99_e2e_latency_ms": 2919.9130099296826, "mean_prefill_queue_ms": 0.0, "p50_prefill_queue_ms": 0.0, "p95_prefill_queue_ms": 0.0, "p99_prefill_queue_ms": 0.0, "mean_kv_transfer_ms": 0.0, "p50_kv_transfer_ms": 0.0, "p95_kv_transfer_ms": 0.0, "p99_kv_transfer_ms": 0.0, "mean_decode_queue_ms": 0.0, "p50_decode_queue_ms": 0.0, "p95_decode_queue_ms": 0.0, "p99_decode_queue_ms": 0.0, "time_cost": 6.05448317527771}
