{"num_requests": 200, "completed": 200, "total_input": 25469, "total_output": 49461, "duration": 111.42867166096376, "request_throughput": 1.7948701803475324, "input_throughput": 228.56774311635652, "output_throughput": 443.8803699508465, "total_throughput": 672.448113067203, "prefix_cache_reused_ratio": 0.992147316345361, "disk_prefetch_ratio": 0.0, "mean_ttft_ms": 17.24531189670727, "median_ttft_ms": 17.010415514384647, "std_ttft_ms": 3.551392017499038, "p90_ttft_ms": 22.18881317397532, "p95_ttft_ms": 22.72118001654171, "p99_ttft_ms": 23.19983083386589, "mean_queue_ms": -5e-06, "mean_tpot_ms": 12.33527145150034, "median_tpot_ms": 12.37238153503681, "std_tpot_ms": 0.3041840446822308, "p90_tpot_ms": 12.707265342032288, "p95_tpot_ms": 12.78801258766825, "p99_tpot_ms": 12.878754615689282, "mean_itl_ms": 12.343729314417919, "median_itl_ms": 12.182398522860183, "std_itl_ms": 1.722593513088363, "p90_itl_ms": 12.443509885017079, "p95_itl_ms": 12.477367659265326, "p99_itl_ms": 23.387231126006824, "max_itl_ms": 34.85495134002292, "mean_e2e_latency_ms": 3057.567560684413, "median_e2e_latency_ms": 2879.8567092018993, "std_e2e_latency_ms": 1749.4685240547071, "p90_e2e_latency_ms": 5610.653859945996, "p95_e2e_latency_ms": 5910.936698441252, "p99_e2e_latency_ms": 6273.335608111321, "mean_prefill_queue_ms": 0.0, "p50_prefill_queue_ms": 0.0, "p95_prefill_queue_ms": 0.0, "p99_prefill_queue_ms": 0.0, "mean_kv_transfer_ms": 0.0, "p50_kv_transfer_ms": 0.0, "p95_kv_transfer_ms": 0.0, "p99_kv_transfer_ms": 0.0, "mean_decode_queue_ms": 0.0, "p50_decode_queue_ms": 0.0, "p95_decode_queue_ms": 0.0, "p99_decode_queue_ms": 0.0, "time_cost": 19.228700160980225}
