{"num_requests": 200, "completed": 200, "total_input": 27177, "total_output": 12597, "duration": 100.64983032954092, "request_throughput": 1.9870873040239951, "input_throughput": 270.0153583073006, "output_throughput": 125.15669384395133, "total_throughput": 395.17205215125193, "prefix_cache_reused_ratio": 0.0, "disk_prefetch_ratio": 0.0, "mean_ttft_ms": 22.24094261887248, "median_ttft_ms": 22.185991246304937, "std_ttft_ms": 4.933148355227078, "p90_ttft_ms": 28.275592213758436, "p95_ttft_ms": 31.548986847090532, "p99_ttft_ms": 36.4453764096709, "mean_queue_ms": -5e-06, "mean_tpot_ms": 11.97344207801263, "median_tpot_ms": 11.859522293019456, "std_tpot_ms": 0.5681044966949506, "p90_tpot_ms": 12.7549024327133, "p95_tpot_ms": 12.97204860859193, "p99_tpot_ms": 14.015453959168296, "mean_itl_ms": 11.978555460862852, "median_itl_ms": 11.613977837328093, "std_itl_ms": 2.8944754484380293, "p90_itl_ms": 11.699855131766235, "p95_itl_ms": 12.081240472575416, "p99_itl_ms": 29.414986935393017, "max_itl_ms": 49.118667216347944, "mean_e2e_latency_ms": 764.7317028604564, "median_e2e_latency_ms": 778.3556197088046, "std_e2e_latency_ms": 416.0077154640751, "p90_e2e_latency_ms": 1335.7152936381567, "p95_e2e_latency_ms": 1433.2276520340934, "p99_e2e_latency_ms": 1506.1732498545985, "mean_prefill_queue_ms": 0.0, "p50_prefill_queue_ms": 0.0, "p95_prefill_queue_ms": 0.0, "p99_prefill_queue_ms": 0.0, "mean_kv_transfer_ms": 0.0, "p50_kv_transfer_ms": 0.0, "p95_kv_transfer_ms": 0.0, "p99_kv_transfer_ms": 0.0, "mean_decode_queue_ms": 0.0, "p50_decode_queue_ms": 0.0, "p95_decode_queue_ms": 0.0, "p99_decode_queue_ms": 0.0, "time_cost": 14.02467679977417}
