{
    "num_requests": 200,
    "completed": 200,
    "total_input": 102982,
    "total_output": 49461,
    "duration": 23.968789663087332,
    "request_throughput": 8.34418436688967,
    "input_throughput": 4296.503972355159,
    "output_throughput": 2063.5585148536493,
    "total_throughput": 6360.062487208808,
    "prefix_cache_reused_ratio": 0.9980579130333457,
    "disk_prefetch_ratio": 0.0,
    "mean_ttft_ms": 18.88177308945431,
    "median_ttft_ms": 18.813449425223894,
    "std_ttft_ms": 4.810371177130508,
    "p90_ttft_ms": 25.98669919474554,
    "p95_ttft_ms": 26.794752681259304,
    "p99_ttft_ms": 27.47695093435192,
    "mean_queue_ms": -5e-06,
    "mean_tpot_ms": 17.97228532058554,
    "median_tpot_ms": 18.539946043659274,
    "std_tpot_ms": 1.677821362711554,
    "p90_tpot_ms": 19.461727645545636,
    "p95_tpot_ms": 19.69885342447975,
    "p99_tpot_ms": 20.359166181316454,
    "mean_itl_ms": 17.939770592930405,
    "median_itl_ms": 16.834894735136885,
    "std_itl_ms": 4.99571101968078,
    "p90_itl_ms": 27.813090221487258,
    "p95_itl_ms": 28.497876022930413,
    "p99_itl_ms": 39.29811094469038,
    "max_itl_ms": 50.92100783448217,
    "mean_e2e_latency_ms": 4437.536968981179,
    "median_e2e_latency_ms": 4354.215417960096,
    "std_e2e_latency_ms": 2539.840356177927,
    "p90_e2e_latency_ms": 8175.345137717157,
    "p95_e2e_latency_ms": 8756.212811251857,
    "p99_e2e_latency_ms": 9365.606955681937,
    "mean_prefill_queue_ms": 0.0,
    "p50_prefill_queue_ms": 0.0,
    "p95_prefill_queue_ms": 0.0,
    "p99_prefill_queue_ms": 0.0,
    "mean_kv_transfer_ms": 0.0,
    "p50_kv_transfer_ms": 0.0,
    "p95_kv_transfer_ms": 0.0,
    "p99_kv_transfer_ms": 0.0,
    "mean_decode_queue_ms": 0.0,
    "p50_decode_queue_ms": 0.0,
    "p95_decode_queue_ms": 0.0,
    "p99_decode_queue_ms": 0.0,
    "time_cost": 7.149342060089111
}