{"num_requests": 200, "completed": 200, "total_input": 102982, "total_output": 49461, "duration": 32.384616884694886, "request_throughput": 6.175771685430093, "input_throughput": 3179.9665985448096, "output_throughput": 1527.2992166652894, "total_throughput": 4707.2658152100985, "prefix_cache_reused_ratio": 0.9980579130333457, "disk_prefetch_ratio": 0.0, "mean_ttft_ms": 18.17484998799105, "median_ttft_ms": 18.033087172893758, "std_ttft_ms": 4.027067590923487, "p90_ttft_ms": 23.982345031254937, "p95_ttft_ms": 24.39672670715831, "p99_ttft_ms": 25.280033517111153, "mean_queue_ms": -5e-06, "mean_tpot_ms": 15.187444009682789, "median_tpot_ms": 15.306150131554409, "std_tpot_ms": 0.8548584123910591, "p90_tpot_ms": 16.18571037271695, "p95_tpot_ms": 16.324425109680444, "p99_tpot_ms": 16.44114868595647, "mean_itl_ms": 15.194421258567685, "median_itl_ms": 14.107267827549563, "std_itl_ms": 3.6143531746718316, "p90_itl_ms": 15.50536856048268, "p95_itl_ms": 25.411906815193674, "p99_itl_ms": 26.718446492370873, "max_itl_ms": 38.03531187359255, "mean_e2e_latency_ms": 3760.6367780795053, "median_e2e_latency_ms": 3635.730611594726, "std_e2e_latency_ms": 2147.2617584944373, "p90_e2e_latency_ms": 6959.403296500057, "p95_e2e_latency_ms": 7206.49447650058, "p99_e2e_latency_ms": 7768.122298236642, "mean_prefill_queue_ms": 0.0, "p50_prefill_queue_ms": 0.0, "p95_prefill_queue_ms": 0.0, "p99_prefill_queue_ms": 0.0, "mean_kv_transfer_ms": 0.0, "p50_kv_transfer_ms": 0.0, "p95_kv_transfer_ms": 0.0, "p99_kv_transfer_ms": 0.0, "mean_decode_queue_ms": 0.0, "p50_decode_queue_ms": 0.0, "p95_decode_queue_ms": 0.0, "p99_decode_queue_ms": 0.0, "time_cost": 8.6843900680542}
