{"num_requests": 200, "completed": 200, "total_input": 232719, "total_output": 49461, "duration": 55.553729911175424, "request_throughput": 3.6001183056435453, "input_throughput": 4189.079659855301, "output_throughput": 890.327257577177, "total_throughput": 5079.406917432478, "prefix_cache_reused_ratio": 0.0, "disk_prefetch_ratio": 0.0, "mean_ttft_ms": 87.58280999983643, "median_ttft_ms": 81.45220739225678, "std_ttft_ms": 45.71636287250319, "p90_ttft_ms": 161.62782127464206, "p95_ttft_ms": 178.64953355435026, "p99_ttft_ms": 214.7944557887668, "mean_queue_ms": -5e-06, "mean_tpot_ms": 18.82630228845624, "median_tpot_ms": 18.926099645739534, "std_tpot_ms": 2.6437830475442223, "p90_tpot_ms": 21.080952803327385, "p95_tpot_ms": 21.931859102598608, "p99_tpot_ms": 26.943807323769462, "mean_itl_ms": 18.707779885802545, "median_itl_ms": 14.409406706512584, "std_itl_ms": 23.89662921802228, "p90_itl_ms": 16.242799194600366, "p95_itl_ms": 30.00853074546983, "p99_itl_ms": 122.91620371464695, "max_itl_ms": 475.36630768250984, "mean_e2e_latency_ms": 4695.402534772431, "median_e2e_latency_ms": 4567.766601361992, "std_e2e_latency_ms": 2679.2095656415413, "p90_e2e_latency_ms": 8576.503524376893, "p95_e2e_latency_ms": 9009.50728032752, "p99_e2e_latency_ms": 10011.695301531818, "mean_prefill_queue_ms": 0.0, "p50_prefill_queue_ms": 0.0, "p95_prefill_queue_ms": 0.0, "p99_prefill_queue_ms": 0.0, "mean_kv_transfer_ms": 0.0, "p50_kv_transfer_ms": 0.0, "p95_kv_transfer_ms": 0.0, "p99_kv_transfer_ms": 0.0, "mean_decode_queue_ms": 0.0, "p50_decode_queue_ms": 0.0, "p95_decode_queue_ms": 0.0, "p99_decode_queue_ms": 0.0, "time_cost": 11.607674837112427}
