{"num_requests": 200, "completed": 200, "total_input": 25469, "total_output": 12597, "duration": 18.71698651868765, "request_throughput": 10.685480795763434, "input_throughput": 1360.7425519364945, "output_throughput": 673.02500792116, "total_throughput": 2033.7675598576545, "prefix_cache_reused_ratio": 0.992147316345361, "disk_prefetch_ratio": 0.0, "mean_ttft_ms": 17.206485144089445, "median_ttft_ms": 17.20770138506239, "std_ttft_ms": 3.2797193571426644, "p90_ttft_ms": 21.70671693493187, "p95_ttft_ms": 22.45026408366577, "p99_ttft_ms": 23.256787985329375, "mean_queue_ms": -5e-06, "mean_tpot_ms": 13.907436900605862, "median_tpot_ms": 13.892244660531732, "std_tpot_ms": 0.8409889814091842, "p90_tpot_ms": 14.86083093283307, "p95_tpot_ms": 15.398897947758046, "p99_tpot_ms": 16.283399275174915, "mean_itl_ms": 13.908033070196522, "median_itl_ms": 12.357314784262385, "std_itl_ms": 4.383159427478052, "p90_itl_ms": 23.45228631353713, "p95_itl_ms": 23.60299407700417, "p99_itl_ms": 34.70620038499739, "max_itl_ms": 46.075751462393285, "mean_e2e_latency_ms": 879.2959150002209, "median_e2e_latency_ms": 881.2997157792472, "std_e2e_latency_ms": 485.75460098722715, "p90_e2e_latency_ms": 1582.1046117719463, "p95_e2e_latency_ms": 1626.1136706304371, "p99_e2e_latency_ms": 1719.2806647567425, "mean_prefill_queue_ms": 0.0, "p50_prefill_queue_ms": 0.0, "p95_prefill_queue_ms": 0.0, "p99_prefill_queue_ms": 0.0, "mean_kv_transfer_ms": 0.0, "p50_kv_transfer_ms": 0.0, "p95_kv_transfer_ms": 0.0, "p99_kv_transfer_ms": 0.0, "mean_decode_queue_ms": 0.0, "p50_decode_queue_ms": 0.0, "p95_decode_queue_ms": 0.0, "p99_decode_queue_ms": 0.0, "time_cost": 8.23604965209961}
