{"num_requests": 200, "completed": 200, "total_input": 27177, "total_output": 49461, "duration": 203.85553187441064, "request_throughput": 0.9810869401533537, "input_throughput": 133.31499886273846, "output_throughput": 242.62770573462512, "total_throughput": 375.9427045973636, "prefix_cache_reused_ratio": 0.0, "disk_prefetch_ratio": 0.0, "mean_ttft_ms": 23.488032053192217, "median_ttft_ms": 23.484982218320738, "std_ttft_ms": 4.775888705834844, "p90_ttft_ms": 29.506944469142127, "p95_ttft_ms": 31.726595650546585, "p99_ttft_ms": 34.10277470638563, "mean_queue_ms": -5e-06, "mean_tpot_ms": 12.033253754369072, "median_tpot_ms": 12.004297663884646, "std_tpot_ms": 0.35374551143378646, "p90_tpot_ms": 12.436256198723587, "p95_tpot_ms": 12.521699344171006, "p99_tpot_ms": 13.045000619422707, "mean_itl_ms": 12.023849577272873, "median_itl_ms": 11.696317412116741, "std_itl_ms": 2.018876584206808, "p90_itl_ms": 12.187269161188397, "p95_itl_ms": 12.204541449904127, "p99_itl_ms": 26.08806326605162, "max_itl_ms": 49.56252905807901, "mean_e2e_latency_ms": 2985.022302183387, "median_e2e_latency_ms": 2832.7061680600564, "std_e2e_latency_ms": 1698.7743167407584, "p90_e2e_latency_ms": 5414.645500428564, "p95_e2e_latency_ms": 5747.815805266996, "p99_e2e_latency_ms": 6105.670004324242, "mean_prefill_queue_ms": 0.0, "p50_prefill_queue_ms": 0.0, "p95_prefill_queue_ms": 0.0, "p99_prefill_queue_ms": 0.0, "mean_kv_transfer_ms": 0.0, "p50_kv_transfer_ms": 0.0, "p95_kv_transfer_ms": 0.0, "p99_kv_transfer_ms": 0.0, "mean_decode_queue_ms": 0.0, "p50_decode_queue_ms": 0.0, "p95_decode_queue_ms": 0.0, "p99_decode_queue_ms": 0.0, "time_cost": 29.951849460601807}
