{"num_requests": 200, "completed": 200, "total_input": 102982, "total_output": 12597, "duration": 18.925574256430064, "request_throughput": 10.567711039576459, "input_throughput": 5441.420091388314, "output_throughput": 665.6072798277232, "total_throughput": 6107.027371216037, "prefix_cache_reused_ratio": 0.006816725252956827, "disk_prefetch_ratio": 0.0, "mean_ttft_ms": 48.58182376687056, "median_ttft_ms": 48.2471331365284, "std_ttft_ms": 20.569668196175414, "p90_ttft_ms": 75.83128493772388, "p95_ttft_ms": 86.88413752346119, "p99_ttft_ms": 112.27203569383255, "mean_queue_ms": -5e-06, "mean_tpot_ms": 20.118300074865225, "median_tpot_ms": 19.6324314654196, "std_tpot_ms": 4.437162115491562, "p90_tpot_ms": 25.39316506379455, "p95_tpot_ms": 27.172721303604103, "p99_tpot_ms": 35.257409623961955, "mean_itl_ms": 19.8664405954706, "median_itl_ms": 12.842106434913347, "std_itl_ms": 22.743386094255495, "p90_itl_ms": 40.13284260937411, "p95_itl_ms": 62.96675287942488, "p99_itl_ms": 135.3781866785102, "max_itl_ms": 216.89756806421556, "mean_e2e_latency_ms": 1280.0031440771158, "median_e2e_latency_ms": 1284.637291095932, "std_e2e_latency_ms": 711.3491231120295, "p90_e2e_latency_ms": 2257.0338252018596, "p95_e2e_latency_ms": 2442.436308723273, "p99_e2e_latency_ms": 2738.7626014041657, "mean_prefill_queue_ms": 0.0, "p50_prefill_queue_ms": 0.0, "p95_prefill_queue_ms": 0.0, "p99_prefill_queue_ms": 0.0, "mean_kv_transfer_ms": 0.0, "p50_kv_transfer_ms": 0.0, "p95_kv_transfer_ms": 0.0, "p99_kv_transfer_ms": 0.0, "mean_decode_queue_ms": 0.0, "p50_decode_queue_ms": 0.0, "p95_decode_queue_ms": 0.0, "p99_decode_queue_ms": 0.0, "time_cost": 5.3927037715911865}
