{"num_requests": 200, "completed": 200, "total_input": 27177, "total_output": 49461, "duration": 30.564108527891953, "request_throughput": 6.543622884256074, "input_throughput": 889.1801956271365, "output_throughput": 1618.2706573909484, "total_throughput": 2507.4508530180847, "prefix_cache_reused_ratio": 0.0, "disk_prefetch_ratio": 0.0, "mean_ttft_ms": 25.154343858352615, "median_ttft_ms": 24.540136731925344, "std_ttft_ms": 5.629689229887897, "p90_ttft_ms": 32.742949897508204, "p95_ttft_ms": 35.393095397030805, "p99_ttft_ms": 37.73551611603041, "mean_queue_ms": -5e-06, "mean_tpot_ms": 15.204192909680385, "median_tpot_ms": 15.285960172856877, "std_tpot_ms": 0.8963222812492361, "p90_tpot_ms": 16.134792682127255, "p95_tpot_ms": 16.345052012176133, "p99_tpot_ms": 17.084251076134723, "mean_itl_ms": 15.18404551663799, "median_itl_ms": 13.289107312381532, "std_itl_ms": 6.2221138919301655, "p90_itl_ms": 14.424166423851581, "p95_itl_ms": 30.207769971919873, "p99_itl_ms": 44.29151297352707, "max_itl_ms": 65.25865952514897, "mean_e2e_latency_ms": 3765.0606748338723, "median_e2e_latency_ms": 3530.6890201961014, "std_e2e_latency_ms": 2155.7752321176217, "p90_e2e_latency_ms": 6855.616955202005, "p95_e2e_latency_ms": 7357.347974479623, "p99_e2e_latency_ms": 7870.710866810196, "mean_prefill_queue_ms": 0.0, "p50_prefill_queue_ms": 0.0, "p95_prefill_queue_ms": 0.0, "p99_prefill_queue_ms": 0.0, "mean_kv_transfer_ms": 0.0, "p50_kv_transfer_ms": 0.0, "p95_kv_transfer_ms": 0.0, "p99_kv_transfer_ms": 0.0, "mean_decode_queue_ms": 0.0, "p50_decode_queue_ms": 0.0, "p95_decode_queue_ms": 0.0, "p99_decode_queue_ms": 0.0, "time_cost": 9.16266679763794}
