{
    "num_requests": 200,
    "completed": 200,
    "total_input": 25469,
    "total_output": 49461,
    "duration": 217.3021334538356,
    "request_throughput": 0.9203775260793225,
    "input_throughput": 117.20547605857132,
    "output_throughput": 227.61396408704684,
    "total_throughput": 344.81944014561816,
    "prefix_cache_reused_ratio": 0.016608425929561427,
    "disk_prefetch_ratio": 0.0,
    "mean_ttft_ms": 22.408446180282105,
    "median_ttft_ms": 22.65258310820606,
    "std_ttft_ms": 4.242219310106311,
    "p90_ttft_ms": 27.597459829801707,
    "p95_ttft_ms": 28.86243605829292,
    "p99_ttft_ms": 32.00473292860269,
    "mean_queue_ms": -5e-06,
    "mean_tpot_ms": 11.932966087228817,
    "median_tpot_ms": 11.902941590428883,
    "std_tpot_ms": 0.31000130378202495,
    "p90_tpot_ms": 12.378528019788206,
    "p95_tpot_ms": 12.421921042410741,
    "p99_tpot_ms": 12.565734315412966,
    "mean_itl_ms": 11.94985433465476,
    "median_itl_ms": 11.677316408817973,
    "std_itl_ms": 1.8299185728368124,
    "p90_itl_ms": 12.176034160944482,
    "p95_itl_ms": 12.1936258616131,
    "p99_itl_ms": 25.338691170247785,
    "max_itl_ms": 60.2124062971825,
    "mean_e2e_latency_ms": 2965.7173180774234,
    "median_e2e_latency_ms": 2768.0156874956338,
    "std_e2e_latency_ms": 1697.8325846823727,
    "p90_e2e_latency_ms": 5446.648745149097,
    "p95_e2e_latency_ms": 5727.736325541928,
    "p99_e2e_latency_ms": 6120.719245307125,
    "mean_prefill_queue_ms": 0.0,
    "p50_prefill_queue_ms": 0.0,
    "p95_prefill_queue_ms": 0.0,
    "p99_prefill_queue_ms": 0.0,
    "mean_kv_transfer_ms": 0.0,
    "p50_kv_transfer_ms": 0.0,
    "p95_kv_transfer_ms": 0.0,
    "p99_kv_transfer_ms": 0.0,
    "mean_decode_queue_ms": 0.0,
    "p50_decode_queue_ms": 0.0,
    "p95_decode_queue_ms": 0.0,
    "p99_decode_queue_ms": 0.0,
    "time_cost": 30.51077651977539
}