{"num_requests": 200, "completed": 200, "total_input": 102982, "total_output": 49461, "duration": 32.566614258847956, "request_throughput": 6.1412586033766905, "input_throughput": 3162.1954674646913, "output_throughput": 1518.7639589080723, "total_throughput": 4680.959426372764, "prefix_cache_reused_ratio": 0.006816725252956827, "disk_prefetch_ratio": 0.0, "mean_ttft_ms": 46.24809416969664, "median_ttft_ms": 44.59208466941678, "std_ttft_ms": 16.822064403510257, "p90_ttft_ms": 66.18458446027323, "p95_ttft_ms": 74.15141084814267, "p99_ttft_ms": 95.04298501749575, "mean_queue_ms": -5e-06, "mean_tpot_ms": 19.61980267621934, "median_tpot_ms": 19.988768117799435, "std_tpot_ms": 2.421184564967771, "p90_tpot_ms": 22.203283062301058, "p95_tpot_ms": 22.7042293396625, "p99_tpot_ms": 23.987493919107333, "mean_itl_ms": 19.606364744357393, "median_itl_ms": 15.59248169438554, "std_itl_ms": 15.956231153227776, "p90_itl_ms": 29.450159284479582, "p95_itl_ms": 54.0548746750229, "p99_itl_ms": 96.57841106571752, "max_itl_ms": 206.26019123822647, "mean_e2e_latency_ms": 4875.393762528644, "median_e2e_latency_ms": 4769.690874347841, "std_e2e_latency_ms": 2810.7426589053025, "p90_e2e_latency_ms": 9001.248219027866, "p95_e2e_latency_ms": 9759.49000927378, "p99_e2e_latency_ms": 10334.220150342364, "mean_prefill_queue_ms": 0.0, "p50_prefill_queue_ms": 0.0, "p95_prefill_queue_ms": 0.0, "p99_prefill_queue_ms": 0.0, "mean_kv_transfer_ms": 0.0, "p50_kv_transfer_ms": 0.0, "p95_kv_transfer_ms": 0.0, "p99_kv_transfer_ms": 0.0, "mean_decode_queue_ms": 0.0, "p50_decode_queue_ms": 0.0, "p95_decode_queue_ms": 0.0, "p99_decode_queue_ms": 0.0, "time_cost": 7.893932104110718}
