{"num_requests": 200, "completed": 200, "total_input": 232719, "total_output": 12597, "duration": 200.45006020804286, "request_throughput": 0.9977547514449447, "input_throughput": 1160.9824400075804, "output_throughput": 62.84358301975984, "total_throughput": 1223.8260230273402, "prefix_cache_reused_ratio": 0.0, "disk_prefetch_ratio": 0.0, "mean_ttft_ms": 68.55011682632323, "median_ttft_ms": 70.46680602051225, "std_ttft_ms": 31.375997774073404, "p90_ttft_ms": 107.55820688597026, "p95_ttft_ms": 117.08785649167258, "p99_ttft_ms": 150.01788190971124, "mean_queue_ms": -5e-06, "mean_tpot_ms": 12.612718139073655, "median_tpot_ms": 11.931118795919335, "std_tpot_ms": 1.7436136578166113, "p90_tpot_ms": 14.463307417358031, "p95_tpot_ms": 15.43915678010937, "p99_tpot_ms": 19.477184955083374, "mean_itl_ms": 12.57322209559774, "median_itl_ms": 11.724099304942115, "std_itl_ms": 9.13603318452796, "p90_itl_ms": 11.96363562947056, "p95_itl_ms": 12.025570310639111, "p99_itl_ms": 51.9745764155601, "max_itl_ms": 249.52586518233488, "mean_e2e_latency_ms": 847.9012884219492, "median_e2e_latency_ms": 836.5380920626855, "std_e2e_latency_ms": 441.325742718642, "p90_e2e_latency_ms": 1456.0460661962975, "p95_e2e_latency_ms": 1548.7391777219204, "p99_e2e_latency_ms": 1692.4701877510427, "mean_prefill_queue_ms": 0.0, "p50_prefill_queue_ms": 0.0, "p95_prefill_queue_ms": 0.0, "p99_prefill_queue_ms": 0.0, "mean_kv_transfer_ms": 0.0, "p50_kv_transfer_ms": 0.0, "p95_kv_transfer_ms": 0.0, "p99_kv_transfer_ms": 0.0, "mean_decode_queue_ms": 0.0, "p50_decode_queue_ms": 0.0, "p95_decode_queue_ms": 0.0, "p99_decode_queue_ms": 0.0, "time_cost": 17.429864645004272}
