{"num_requests": 200, "completed": 200, "total_input": 102982, "total_output": 12597, "duration": 107.16689678503175, "request_throughput": 1.866247936629014, "input_throughput": 960.9497250496455, "output_throughput": 117.54562628857843, "total_throughput": 1078.4953513382238, "prefix_cache_reused_ratio": 0.006816725252956827, "disk_prefetch_ratio": 0.0, "mean_ttft_ms": 39.6694715121368, "median_ttft_ms": 39.67188029215407, "std_ttft_ms": 13.497437415547468, "p90_ttft_ms": 57.04000263166762, "p95_ttft_ms": 59.708218951218576, "p99_ttft_ms": 66.3825104191073, "mean_queue_ms": -5e-06, "mean_tpot_ms": 12.454291002661655, "median_tpot_ms": 12.276971172964322, "std_tpot_ms": 1.0254755419390305, "p90_tpot_ms": 13.688015474771865, "p95_tpot_ms": 14.110045444663198, "p99_tpot_ms": 15.629262436882934, "mean_itl_ms": 12.445671595584743, "median_itl_ms": 11.700065453908337, "std_itl_ms": 5.7756352479175215, "p90_itl_ms": 11.812364008017795, "p95_itl_ms": 12.188812364811952, "p99_itl_ms": 50.03904673132489, "max_itl_ms": 91.03135007731566, "mean_e2e_latency_ms": 811.1144253644571, "median_e2e_latency_ms": 819.803831916289, "std_e2e_latency_ms": 432.735877270941, "p90_e2e_latency_ms": 1402.6190609907999, "p95_e2e_latency_ms": 1477.8103622547849, "p99_e2e_latency_ms": 1625.255175326751, "mean_prefill_queue_ms": 0.0, "p50_prefill_queue_ms": 0.0, "p95_prefill_queue_ms": 0.0, "p99_prefill_queue_ms": 0.0, "mean_kv_transfer_ms": 0.0, "p50_kv_transfer_ms": 0.0, "p95_kv_transfer_ms": 0.0, "p99_kv_transfer_ms": 0.0, "mean_decode_queue_ms": 0.0, "p50_decode_queue_ms": 0.0, "p95_decode_queue_ms": 0.0, "p99_decode_queue_ms": 0.0, "time_cost": 14.317307949066162}
