{
    "num_requests": 200,
    "completed": 200,
    "total_input": 102982,
    "total_output": 49461,
    "duration": 217.3351547539853,
    "request_throughput": 0.9202376864727292,
    "input_throughput": 473.83958714167295,
    "output_throughput": 227.5793810531383,
    "total_throughput": 701.4189681948112,
    "prefix_cache_reused_ratio": 0.006816725252956827,
    "disk_prefetch_ratio": 0.0,
    "mean_ttft_ms": 39.88685087419956,
    "median_ttft_ms": 39.42873836931682,
    "std_ttft_ms": 13.133263785056206,
    "p90_ttft_ms": 58.30941090231362,
    "p95_ttft_ms": 61.41192520131167,
    "p99_ttft_ms": 62.68249953209029,
    "mean_queue_ms": -5e-06,
    "mean_tpot_ms": 12.260536001128951,
    "median_tpot_ms": 12.23649897807437,
    "std_tpot_ms": 0.4719786613358117,
    "p90_tpot_ms": 12.877633639421507,
    "p95_tpot_ms": 13.088690248305038,
    "p99_tpot_ms": 13.396804524774135,
    "mean_itl_ms": 12.276982292457907,
    "median_itl_ms": 11.793667692757026,
    "std_itl_ms": 3.943130242293206,
    "p90_itl_ms": 12.29956600431592,
    "p95_itl_ms": 12.361950499922614,
    "p99_itl_ms": 28.325538538695127,
    "max_itl_ms": 111.93843189488462,
    "mean_e2e_latency_ms": 3063.7689744180443,
    "median_e2e_latency_ms": 2864.219816809168,
    "std_e2e_latency_ms": 1743.5851305582871,
    "p90_e2e_latency_ms": 5597.815184253577,
    "p95_e2e_latency_ms": 5869.332059904094,
    "p99_e2e_latency_ms": 6281.869647202655,
    "mean_prefill_queue_ms": 0.0,
    "p50_prefill_queue_ms": 0.0,
    "p95_prefill_queue_ms": 0.0,
    "p99_prefill_queue_ms": 0.0,
    "mean_kv_transfer_ms": 0.0,
    "p50_kv_transfer_ms": 0.0,
    "p95_kv_transfer_ms": 0.0,
    "p99_kv_transfer_ms": 0.0,
    "mean_decode_queue_ms": 0.0,
    "p50_decode_queue_ms": 0.0,
    "p95_decode_queue_ms": 0.0,
    "p99_decode_queue_ms": 0.0,
    "time_cost": 31.523330450057983
}