{"num_requests": 200, "completed": 200, "total_input": 102982, "total_output": 12597, "duration": 27.50670154210957, "request_throughput": 7.270955395863193, "input_throughput": 3743.8876428839167, "output_throughput": 457.96112560844324, "total_throughput": 4201.84876849236, "prefix_cache_reused_ratio": 0.006816725252956827, "disk_prefetch_ratio": 0.0, "mean_ttft_ms": 45.09771140333398, "median_ttft_ms": 44.8475020103114, "std_ttft_ms": 17.18135139363016, "p90_ttft_ms": 64.46761935989032, "p95_ttft_ms": 73.90984283396551, "p99_ttft_ms": 89.3665121113082, "mean_queue_ms": -5e-06, "mean_tpot_ms": 16.70400554158171, "median_tpot_ms": 16.346640555279993, "std_tpot_ms": 3.0568717225255226, "p90_tpot_ms": 20.21361679161205, "p95_tpot_ms": 23.041836507187227, "p99_tpot_ms": 27.311680066628053, "mean_itl_ms": 16.465566536276743, "median_itl_ms": 12.447640387307501, "std_itl_ms": 15.30803292418876, "p90_itl_ms": 13.005690753487897, "p95_itl_ms": 49.80129623344265, "p99_itl_ms": 91.7485115592207, "max_itl_ms": 205.93572734990852, "mean_e2e_latency_ms": 1065.7158531544478, "median_e2e_latency_ms": 1067.3633968512866, "std_e2e_latency_ms": 582.4409166379902, "p90_e2e_latency_ms": 1864.9514531943687, "p95_e2e_latency_ms": 2022.5728176716373, "p99_e2e_latency_ms": 2272.769235062584, "mean_prefill_queue_ms": 0.0, "p50_prefill_queue_ms": 0.0, "p95_prefill_queue_ms": 0.0, "p99_prefill_queue_ms": 0.0, "mean_kv_transfer_ms": 0.0, "p50_kv_transfer_ms": 0.0, "p95_kv_transfer_ms": 0.0, "p99_kv_transfer_ms": 0.0, "mean_decode_queue_ms": 0.0, "p50_decode_queue_ms": 0.0, "p95_decode_queue_ms": 0.0, "p99_decode_queue_ms": 0.0, "time_cost": 8.301023483276367}
