{
    "num_requests": 200,
    "completed": 200,
    "total_input": 102982,
    "total_output": 49461,
    "duration": 217.30775300905358,
    "request_throughput": 0.9203537252150755,
    "input_throughput": 473.89933665049455,
    "output_throughput": 227.60807801431426,
    "total_throughput": 701.5074146648087,
    "prefix_cache_reused_ratio": 0.9980579130333457,
    "disk_prefetch_ratio": 0.0,
    "mean_ttft_ms": 16.064194526924087,
    "median_ttft_ms": 15.633683142836308,
    "std_ttft_ms": 3.5442518172170008,
    "p90_ttft_ms": 21.81261171909057,
    "p95_ttft_ms": 22.17046227884527,
    "p99_ttft_ms": 22.690837654519314,
    "mean_queue_ms": -5e-06,
    "mean_tpot_ms": 11.978838725914509,
    "median_tpot_ms": 11.976325426710083,
    "std_tpot_ms": 0.289653376849571,
    "p90_tpot_ms": 12.357760718987082,
    "p95_tpot_ms": 12.460173868417654,
    "p99_tpot_ms": 12.542314062126321,
    "mean_itl_ms": 11.996736362611621,
    "median_itl_ms": 11.789249940378,
    "std_itl_ms": 1.2148556528531333,
    "p90_itl_ms": 12.292286271121,
    "p95_itl_ms": 12.355019503935694,
    "p99_itl_ms": 22.92012588487468,
    "max_itl_ms": 34.169036534350994,
    "mean_e2e_latency_ms": 2970.9203443199785,
    "median_e2e_latency_ms": 2775.6546281039487,
    "std_e2e_latency_ms": 1704.5147271952846,
    "p90_e2e_latency_ms": 5467.246033969699,
    "p95_e2e_latency_ms": 5752.665745166982,
    "p99_e2e_latency_ms": 6105.394500746871,
    "mean_prefill_queue_ms": 0.0,
    "p50_prefill_queue_ms": 0.0,
    "p95_prefill_queue_ms": 0.0,
    "p99_prefill_queue_ms": 0.0,
    "mean_kv_transfer_ms": 0.0,
    "p50_kv_transfer_ms": 0.0,
    "p95_kv_transfer_ms": 0.0,
    "p99_kv_transfer_ms": 0.0,
    "mean_decode_queue_ms": 0.0,
    "p50_decode_queue_ms": 0.0,
    "p95_decode_queue_ms": 0.0,
    "p99_decode_queue_ms": 0.0,
    "time_cost": 31.81892442703247
}