{
    "num_requests": 200,
    "completed": 200,
    "total_input": 217828,
    "total_output": 12597,
    "duration": 213.4746797525587,
    "request_throughput": 0.9368792600219502,
    "input_throughput": 1020.3926772603069,
    "output_throughput": 59.00934019248253,
    "total_throughput": 1079.4020174527893,
    "prefix_cache_reused_ratio": 0.007923682905778872,
    "disk_prefetch_ratio": 0.0,
    "mean_ttft_ms": 62.911678102969795,
    "median_ttft_ms": 62.389009341970336,
    "std_ttft_ms": 27.19165957929577,
    "p90_ttft_ms": 97.0831892491347,
    "p95_ttft_ms": 102.14844834912995,
    "p99_ttft_ms": 130.9998078631477,
    "mean_queue_ms": -5e-06,
    "mean_tpot_ms": 12.33045635570366,
    "median_tpot_ms": 11.84336696652341,
    "std_tpot_ms": 1.659920915764557,
    "p90_tpot_ms": 13.302266569678446,
    "p95_tpot_ms": 14.57067847059206,
    "p99_tpot_ms": 16.531505218741422,
    "mean_itl_ms": 12.246677023534595,
    "median_itl_ms": 11.572839996091489,
    "std_itl_ms": 6.837814850116628,
    "p90_itl_ms": 11.899871923723992,
    "p95_itl_ms": 11.93726425675834,
    "p99_itl_ms": 29.95932044005941,
    "max_itl_ms": 184.30017299363044,
    "mean_e2e_latency_ms": 822.0219534067616,
    "median_e2e_latency_ms": 811.4802136068296,
    "std_e2e_latency_ms": 424.39150111730163,
    "p90_e2e_latency_ms": 1405.0205200968703,
    "p95_e2e_latency_ms": 1473.2665423091316,
    "p99_e2e_latency_ms": 1625.3003840736617,
    "mean_prefill_queue_ms": 0.0,
    "p50_prefill_queue_ms": 0.0,
    "p95_prefill_queue_ms": 0.0,
    "p99_prefill_queue_ms": 0.0,
    "mean_kv_transfer_ms": 0.0,
    "p50_kv_transfer_ms": 0.0,
    "p95_kv_transfer_ms": 0.0,
    "p99_kv_transfer_ms": 0.0,
    "mean_decode_queue_ms": 0.0,
    "p50_decode_queue_ms": 0.0,
    "p95_decode_queue_ms": 0.0,
    "p99_decode_queue_ms": 0.0,
    "time_cost": 18.1756694316864
}