{"num_requests": 200, "completed": 200, "total_input": 217828, "total_output": 49461, "duration": 25.070438784222823, "request_throughput": 7.977522919377972, "input_throughput": 8688.639312411326, "output_throughput": 1972.8813055767694, "total_throughput": 10661.520617988095, "prefix_cache_reused_ratio": 0.9990818443909874, "disk_prefetch_ratio": 0.0, "mean_ttft_ms": 20.640170644453573, "median_ttft_ms": 19.655634437359016, "std_ttft_ms": 6.130924098634091, "p90_ttft_ms": 29.198238604594096, "p95_ttft_ms": 31.089409165156745, "p99_ttft_ms": 34.43838700867196, "mean_queue_ms": -5e-06, "mean_tpot_ms": 23.101205202148403, "median_tpot_ms": 23.948609268361214, "std_tpot_ms": 3.531054140110049, "p90_tpot_ms": 26.882937749690598, "p95_tpot_ms": 27.061939137868873, "p99_tpot_ms": 27.82240213975839, "mean_itl_ms": 22.996109588858722, "median_itl_ms": 22.42100701683114, "std_itl_ms": 6.647099295712506, "p90_itl_ms": 34.52876322460874, "p95_itl_ms": 35.83838043635268, "p99_itl_ms": 45.63743608158788, "max_itl_ms": 59.33265293111156, "mean_e2e_latency_ms": 5684.696942928302, "median_e2e_latency_ms": 5662.005702014371, "std_e2e_latency_ms": 3248.730965100729, "p90_e2e_latency_ms": 10355.700080866838, "p95_e2e_latency_ms": 11321.672669522768, "p99_e2e_latency_ms": 11957.250151847404, "mean_prefill_queue_ms": 0.0, "p50_prefill_queue_ms": 0.0, "p95_prefill_queue_ms": 0.0, "p99_prefill_queue_ms": 0.0, "mean_kv_transfer_ms": 0.0, "p50_kv_transfer_ms": 0.0, "p95_kv_transfer_ms": 0.0, "p99_kv_transfer_ms": 0.0, "mean_decode_queue_ms": 0.0, "p50_decode_queue_ms": 0.0, "p95_decode_queue_ms": 0.0, "p99_decode_queue_ms": 0.0, "time_cost": 7.447635889053345}
