{"num_requests": 200, "completed": 200, "total_input": 102982, "total_output": 49461, "duration": 58.677983878761545, "request_throughput": 3.4084333983463577, "input_throughput": 1755.036441142523, "output_throughput": 842.922621578046, "total_throughput": 2597.959062720569, "prefix_cache_reused_ratio": 0.006816725252956827, "disk_prefetch_ratio": 0.0, "mean_ttft_ms": 42.53772095170601, "median_ttft_ms": 41.76205741685379, "std_ttft_ms": 14.115507935638236, "p90_ttft_ms": 60.889110570027945, "p95_ttft_ms": 62.90843811462644, "p99_ttft_ms": 70.84551629198492, "mean_queue_ms": -5e-06, "mean_tpot_ms": 14.672476843226296, "median_tpot_ms": 14.669608296716444, "std_tpot_ms": 0.9799593519457007, "p90_tpot_ms": 15.80279036084365, "p95_tpot_ms": 16.304777885766416, "p99_tpot_ms": 17.36043551863275, "mean_itl_ms": 14.691058746991041, "median_itl_ms": 12.964590810341292, "std_itl_ms": 8.972771253202515, "p90_itl_ms": 13.727819026485122, "p95_itl_ms": 14.032408992839862, "p99_itl_ms": 63.77317012235295, "max_itl_ms": 175.8279558710578, "mean_e2e_latency_ms": 3661.018945629334, "median_e2e_latency_ms": 3474.5692597188763, "std_e2e_latency_ms": 2082.2934444796083, "p90_e2e_latency_ms": 6721.248627230286, "p95_e2e_latency_ms": 7041.983925244141, "p99_e2e_latency_ms": 7624.611348501223, "mean_prefill_queue_ms": 0.0, "p50_prefill_queue_ms": 0.0, "p95_prefill_queue_ms": 0.0, "p99_prefill_queue_ms": 0.0, "mean_kv_transfer_ms": 0.0, "p50_kv_transfer_ms": 0.0, "p95_kv_transfer_ms": 0.0, "p99_kv_transfer_ms": 0.0, "mean_decode_queue_ms": 0.0, "p50_decode_queue_ms": 0.0, "p95_decode_queue_ms": 0.0, "p99_decode_queue_ms": 0.0, "time_cost": 11.189904928207397}
