{"num_requests": 200, "completed": 200, "total_input": 217828, "total_output": 49461, "duration": 34.09638166091098, "request_throughput": 5.8657250493323, "input_throughput": 6388.595780229782, "output_throughput": 1450.6231333251246, "total_throughput": 7839.218913554907, "prefix_cache_reused_ratio": 0.007923682905778872, "disk_prefetch_ratio": 0.0, "mean_ttft_ms": 89.98718031702235, "median_ttft_ms": 84.19308792074088, "std_ttft_ms": 45.676297787973006, "p90_ttft_ms": 158.87919693289982, "p95_ttft_ms": 184.13320879736685, "p99_ttft_ms": 204.70000194202188, "mean_queue_ms": -5e-06, "mean_tpot_ms": 34.61599539417547, "median_tpot_ms": 35.83091130322422, "std_tpot_ms": 9.500499628790896, "p90_tpot_ms": 43.924938798029416, "p95_tpot_ms": 47.16133950340555, "p99_tpot_ms": 57.34197947419139, "mean_itl_ms": 33.55521994816798, "median_itl_ms": 22.704125233353523, "std_itl_ms": 47.32081962674526, "p90_itl_ms": 55.25003796107697, "p95_itl_ms": 105.20846035744924, "p99_itl_ms": 258.534862901719, "max_itl_ms": 559.8916576292297, "mean_e2e_latency_ms": 8354.805629650537, "median_e2e_latency_ms": 7450.943836268433, "std_e2e_latency_ms": 4888.428177805982, "p90_e2e_latency_ms": 15905.378130274168, "p95_e2e_latency_ms": 17244.80918494779, "p99_e2e_latency_ms": 18370.60770924704, "mean_prefill_queue_ms": 0.0, "p50_prefill_queue_ms": 0.0, "p95_prefill_queue_ms": 0.0, "p99_prefill_queue_ms": 0.0, "mean_kv_transfer_ms": 0.0, "p50_kv_transfer_ms": 0.0, "p95_kv_transfer_ms": 0.0, "p99_kv_transfer_ms": 0.0, "mean_decode_queue_ms": 0.0, "p50_decode_queue_ms": 0.0, "p95_decode_queue_ms": 0.0, "p99_decode_queue_ms": 0.0, "time_cost": 6.595440864562988}
