{
    "num_requests": 200,
    "completed": 200,
    "total_input": 25469,
    "total_output": 49461,
    "duration": 217.28834541069466,
    "request_throughput": 0.9204359286826078,
    "input_throughput": 117.2129133380867,
    "output_throughput": 227.6284073428523,
    "total_throughput": 344.841320680939,
    "prefix_cache_reused_ratio": 0.992147316345361,
    "disk_prefetch_ratio": 0.0,
    "mean_ttft_ms": 16.523661115989004,
    "median_ttft_ms": 16.304907381283762,
    "std_ttft_ms": 3.7200852717415205,
    "p90_ttft_ms": 21.494469043215858,
    "p95_ttft_ms": 22.189269207181184,
    "p99_ttft_ms": 22.625902594924554,
    "mean_queue_ms": -5e-06,
    "mean_tpot_ms": 11.864671748931695,
    "median_tpot_ms": 11.846543570669548,
    "std_tpot_ms": 0.2676604433236216,
    "p90_tpot_ms": 12.227502519370644,
    "p95_tpot_ms": 12.313405525208431,
    "p99_tpot_ms": 12.405790711079408,
    "mean_itl_ms": 11.882006819907279,
    "median_itl_ms": 11.676111059813366,
    "std_itl_ms": 1.194566646539677,
    "p90_itl_ms": 12.175023944649865,
    "p95_itl_ms": 12.193337749096145,
    "p99_itl_ms": 22.797895995631734,
    "max_itl_ms": 34.04754158041712,
    "mean_e2e_latency_ms": 2943.1213508932515,
    "median_e2e_latency_ms": 2760.533693370789,
    "std_e2e_latency_ms": 1688.26790619236,
    "p90_e2e_latency_ms": 5430.439183513593,
    "p95_e2e_latency_ms": 5706.267074465878,
    "p99_e2e_latency_ms": 6070.49482534547,
    "mean_prefill_queue_ms": 0.0,
    "p50_prefill_queue_ms": 0.0,
    "p95_prefill_queue_ms": 0.0,
    "p99_prefill_queue_ms": 0.0,
    "mean_kv_transfer_ms": 0.0,
    "p50_kv_transfer_ms": 0.0,
    "p95_kv_transfer_ms": 0.0,
    "p99_kv_transfer_ms": 0.0,
    "mean_decode_queue_ms": 0.0,
    "p50_decode_queue_ms": 0.0,
    "p95_decode_queue_ms": 0.0,
    "p99_decode_queue_ms": 0.0,
    "time_cost": 31.11721444129944
}