{"num_requests": 200, "completed": 200, "total_input": 217828, "total_output": 12597, "duration": 27.692846700476142, "request_throughput": 7.222081650297124, "input_throughput": 7865.8580086046095, "output_throughput": 454.88281274396434, "total_throughput": 8320.740821348574, "prefix_cache_reused_ratio": 0.007923682905778872, "disk_prefetch_ratio": 0.0, "mean_ttft_ms": 87.00470774231819, "median_ttft_ms": 81.85870974521731, "std_ttft_ms": 45.979667603989284, "p90_ttft_ms": 160.85984481706603, "p95_ttft_ms": 181.52330970252103, "p99_ttft_ms": 204.87995073128064, "mean_queue_ms": -5e-06, "mean_tpot_ms": 23.594000151709334, "median_tpot_ms": 22.189234672616582, "std_tpot_ms": 8.356416217938168, "p90_tpot_ms": 33.7699570946328, "p95_tpot_ms": 40.454327139971554, "p99_tpot_ms": 56.89221942266605, "mean_itl_ms": 22.664737900285786, "median_itl_ms": 13.148354661314698, "std_itl_ms": 41.18376767209844, "p90_itl_ms": 15.609432121454603, "p95_itl_ms": 82.52249307627935, "p99_itl_ms": 207.48130251063122, "max_itl_ms": 579.936512622254, "mean_e2e_latency_ms": 1491.8784864915328, "median_e2e_latency_ms": 1423.6306926502027, "std_e2e_latency_ms": 848.5356540441724, "p90_e2e_latency_ms": 2678.3246822890305, "p95_e2e_latency_ms": 2972.352742461048, "p99_e2e_latency_ms": 3627.375759054257, "mean_prefill_queue_ms": 0.0, "p50_prefill_queue_ms": 0.0, "p95_prefill_queue_ms": 0.0, "p99_prefill_queue_ms": 0.0, "mean_kv_transfer_ms": 0.0, "p50_kv_transfer_ms": 0.0, "p95_kv_transfer_ms": 0.0, "p99_kv_transfer_ms": 0.0, "mean_decode_queue_ms": 0.0, "p50_decode_queue_ms": 0.0, "p95_decode_queue_ms": 0.0, "p99_decode_queue_ms": 0.0, "time_cost": 6.032953262329102}
