{"num_requests": 200, "completed": 200, "total_input": 232719, "total_output": 12597, "duration": 100.66013114181595, "request_throughput": 1.986883960226797, "input_throughput": 2311.9282417000995, "output_throughput": 125.1438862348848, "total_throughput": 2437.0721279349846, "prefix_cache_reused_ratio": 0.0, "disk_prefetch_ratio": 0.0, "mean_ttft_ms": 75.75092210471854, "median_ttft_ms": 76.58276762973593, "std_ttft_ms": 36.3141705992032, "p90_ttft_ms": 123.53457031581988, "p95_ttft_ms": 143.19344122847815, "p99_ttft_ms": 173.75412615317, "mean_queue_ms": -5e-06, "mean_tpot_ms": 13.675727005357878, "median_tpot_ms": 12.973215633375743, "std_tpot_ms": 2.470362692510423, "p90_tpot_ms": 16.565491952646976, "p95_tpot_ms": 17.839767366307118, "p99_tpot_ms": 21.27250456032562, "mean_itl_ms": 13.602231940097742, "median_itl_ms": 11.865317773974482, "std_itl_ms": 13.658849883960674, "p90_itl_ms": 12.453365986317522, "p95_itl_ms": 12.533724645198419, "p99_itl_ms": 87.56759100259269, "max_itl_ms": 281.31755660995594, "mean_e2e_latency_ms": 918.885268911677, "median_e2e_latency_ms": 900.5139175273946, "std_e2e_latency_ms": 484.5068065245925, "p90_e2e_latency_ms": 1566.415030075234, "p95_e2e_latency_ms": 1700.0196827759723, "p99_e2e_latency_ms": 1880.3562871260085, "mean_prefill_queue_ms": 0.0, "p50_prefill_queue_ms": 0.0, "p95_prefill_queue_ms": 0.0, "p99_prefill_queue_ms": 0.0, "mean_kv_transfer_ms": 0.0, "p50_kv_transfer_ms": 0.0, "p95_kv_transfer_ms": 0.0, "p99_kv_transfer_ms": 0.0, "mean_decode_queue_ms": 0.0, "p50_decode_queue_ms": 0.0, "p95_decode_queue_ms": 0.0, "p99_decode_queue_ms": 0.0, "time_cost": 14.588053226470947}
