{
  "request_throughput": 3.9409881134009828,
  "mean_ttft_ms": 23.370510439239276,
  "mean_tpot_ms": 12.686999774858936,
  "mean_e2e_latency_ms": 809.9704134163374,
  "prefix_cache_reused_ratio": 0.0,
  "mean_kv_transfer_ms": 0.0,
  "mean_decode_queue_ms": 0.0
}
