{"num_requests": 200, "completed": 200, "total_input": 217828, "total_output": 12597, "duration": 107.17006572085589, "request_throughput": 1.8661927531232156, "input_throughput": 2032.545175136619, "output_throughput": 117.54215055546574, "total_throughput": 2150.087325692085, "prefix_cache_reused_ratio": 0.007923682905778872, "disk_prefetch_ratio": 0.0, "mean_ttft_ms": 67.22393727584654, "median_ttft_ms": 68.53289168512333, "std_ttft_ms": 28.5431326419309, "p90_ttft_ms": 101.7314555884468, "p95_ttft_ms": 106.40706208512896, "p99_ttft_ms": 148.91807374732434, "mean_queue_ms": -5e-06, "mean_tpot_ms": 13.49121001117003, "median_tpot_ms": 12.893106792837312, "std_tpot_ms": 3.052851073136758, "p90_tpot_ms": 15.735129340209216, "p95_tpot_ms": 16.70120827800261, "p99_tpot_ms": 19.652391227329943, "mean_itl_ms": 13.366505463255198, "median_itl_ms": 11.829438873771636, "std_itl_ms": 11.788059223744053, "p90_itl_ms": 12.002971015373731, "p95_itl_ms": 12.561828081649296, "p99_itl_ms": 84.91098208044149, "max_itl_ms": 193.38070897929072, "mean_e2e_latency_ms": 895.7467784157199, "median_e2e_latency_ms": 905.6840951703293, "std_e2e_latency_ms": 469.0557395183427, "p90_e2e_latency_ms": 1519.883015554194, "p95_e2e_latency_ms": 1647.2312073168898, "p99_e2e_latency_ms": 1815.9876407559416, "mean_prefill_queue_ms": 0.0, "p50_prefill_queue_ms": 0.0, "p95_prefill_queue_ms": 0.0, "p99_prefill_queue_ms": 0.0, "mean_kv_transfer_ms": 0.0, "p50_kv_transfer_ms": 0.0, "p95_kv_transfer_ms": 0.0, "p99_kv_transfer_ms": 0.0, "mean_decode_queue_ms": 0.0, "p50_decode_queue_ms": 0.0, "p95_decode_queue_ms": 0.0, "p99_decode_queue_ms": 0.0, "time_cost": 13.623163938522339}
