{"num_requests": 200, "completed": 200, "total_input": 217828, "total_output": 12597, "duration": 54.02247340001846, "request_throughput": 3.702162959460713, "input_throughput": 4032.173765667041, "output_throughput": 233.180734001633, "total_throughput": 4265.354499668674, "prefix_cache_reused_ratio": 0.007923682905778872, "disk_prefetch_ratio": 0.0, "mean_ttft_ms": 72.89298249223731, "median_ttft_ms": 68.21636836723144, "std_ttft_ms": 33.03974634648535, "p90_ttft_ms": 113.86882184431072, "p95_ttft_ms": 131.21364690502298, "p99_ttft_ms": 164.2167790960674, "mean_queue_ms": -5e-06, "mean_tpot_ms": 15.907597250663253, "median_tpot_ms": 15.301709378315042, "std_tpot_ms": 3.722463488629974, "p90_tpot_ms": 20.22125604118445, "p95_tpot_ms": 21.800610923203916, "p99_tpot_ms": 32.52189934292326, "mean_itl_ms": 15.702326333053463, "median_itl_ms": 11.992596264011723, "std_itl_ms": 19.290246312180777, "p90_itl_ms": 12.906805138406696, "p95_itl_ms": 13.27918391275773, "p99_itl_ms": 108.52139950882389, "max_itl_ms": 294.56983381394866, "mean_e2e_latency_ms": 1046.2016802465562, "median_e2e_latency_ms": 1037.5785869316862, "std_e2e_latency_ms": 565.8749277483679, "p90_e2e_latency_ms": 1846.3277379238764, "p95_e2e_latency_ms": 1959.0747867350476, "p99_e2e_latency_ms": 2316.9646700360904, "mean_prefill_queue_ms": 0.0, "p50_prefill_queue_ms": 0.0, "p95_prefill_queue_ms": 0.0, "p99_prefill_queue_ms": 0.0, "mean_kv_transfer_ms": 0.0, "p50_kv_transfer_ms": 0.0, "p95_kv_transfer_ms": 0.0, "p99_kv_transfer_ms": 0.0, "mean_decode_queue_ms": 0.0, "p50_decode_queue_ms": 0.0, "p95_decode_queue_ms": 0.0, "p99_decode_queue_ms": 0.0, "time_cost": 10.426665306091309}
