{"num_requests": 200, "completed": 200, "total_input": 110056, "total_output": 49461, "duration": 23.64850555107498, "request_throughput": 8.457194031481142, "input_throughput": 4653.824731643444, "output_throughput": 2091.506369955444, "total_throughput": 6745.3311015988875, "prefix_cache_reused_ratio": 0.0, "disk_prefetch_ratio": 0.0, "mean_ttft_ms": 61.83674846628273, "median_ttft_ms": 54.6038184880051, "std_ttft_ms": 30.988005148554183, "p90_ttft_ms": 108.37407710002397, "p95_ttft_ms": 119.11962787371343, "p99_ttft_ms": 149.54018847372623, "mean_queue_ms": -5e-06, "mean_tpot_ms": 27.346406715812197, "median_tpot_ms": 28.404444634599034, "std_tpot_ms": 4.610790636799201, "p90_tpot_ms": 32.09827096316053, "p95_tpot_ms": 32.98362129797247, "p99_tpot_ms": 37.441855153545816, "mean_itl_ms": 26.83358756362948, "median_itl_ms": 19.57959072350235, "std_itl_ms": 28.880077301883983, "p90_itl_ms": 46.95511170588951, "p95_itl_ms": 73.18054045122935, "p99_itl_ms": 172.09822916058482, "max_itl_ms": 288.8246714810645, "mean_e2e_latency_ms": 6671.083533326041, "median_e2e_latency_ms": 6223.679320100086, "std_e2e_latency_ms": 3820.965415345195, "p90_e2e_latency_ms": 12438.493937353453, "p95_e2e_latency_ms": 13495.424520301971, "p99_e2e_latency_ms": 14968.345484073217, "mean_prefill_queue_ms": 0.0, "p50_prefill_queue_ms": 0.0, "p95_prefill_queue_ms": 0.0, "p99_prefill_queue_ms": 0.0, "mean_kv_transfer_ms": 0.0, "p50_kv_transfer_ms": 0.0, "p95_kv_transfer_ms": 0.0, "p99_kv_transfer_ms": 0.0, "mean_decode_queue_ms": 0.0, "p50_decode_queue_ms": 0.0, "p95_decode_queue_ms": 0.0, "p99_decode_queue_ms": 0.0, "time_cost": 7.128713846206665}
