{
    "num_requests": 200,
    "completed": 200,
    "total_input": 102982,
    "total_output": 49461,
    "duration": 111.48500244892608,
    "request_throughput": 1.7939632740432931,
    "input_throughput": 923.7296294376322,
    "output_throughput": 443.65608748727664,
    "total_throughput": 1367.3857169249088,
    "prefix_cache_reused_ratio": 0.006816725252956827,
    "disk_prefetch_ratio": 0.0,
    "mean_ttft_ms": 41.015288515257424,
    "median_ttft_ms": 41.41431493225767,
    "std_ttft_ms": 13.64066627627465,
    "p90_ttft_ms": 59.14479084883741,
    "p95_ttft_ms": 60.90664987592759,
    "p99_ttft_ms": 66.75981814225123,
    "mean_queue_ms": -5e-06,
    "mean_tpot_ms": 13.099230106786033,
    "median_tpot_ms": 13.093787376797492,
    "std_tpot_ms": 0.6490590705373416,
    "p90_tpot_ms": 14.060325655115403,
    "p95_tpot_ms": 14.19986575824785,
    "p99_tpot_ms": 14.577553483038857,
    "mean_itl_ms": 13.096793296147332,
    "median_itl_ms": 12.325713253868997,
    "std_itl_ms": 5.835807579430771,
    "p90_itl_ms": 12.733863987037353,
    "p95_itl_ms": 12.851256831467595,
    "p99_itl_ms": 50.80157147834483,
    "max_itl_ms": 112.41156774028127,
    "mean_e2e_latency_ms": 3266.820961322826,
    "median_e2e_latency_ms": 3058.987600709828,
    "std_e2e_latency_ms": 1855.4317075780323,
    "p90_e2e_latency_ms": 5933.644917692872,
    "p95_e2e_latency_ms": 6349.112179235061,
    "p99_e2e_latency_ms": 6682.700242757134,
    "mean_prefill_queue_ms": 0.0,
    "p50_prefill_queue_ms": 0.0,
    "p95_prefill_queue_ms": 0.0,
    "p99_prefill_queue_ms": 0.0,
    "mean_kv_transfer_ms": 0.0,
    "p50_kv_transfer_ms": 0.0,
    "p95_kv_transfer_ms": 0.0,
    "p99_kv_transfer_ms": 0.0,
    "mean_decode_queue_ms": 0.0,
    "p50_decode_queue_ms": 0.0,
    "p95_decode_queue_ms": 0.0,
    "p99_decode_queue_ms": 0.0,
    "time_cost": 18.21517586708069
}