{"num_requests": 200, "completed": 200, "total_input": 25469, "total_output": 12597, "duration": 107.16102816974585, "request_throughput": 1.8663501406798264, "input_throughput": 237.67035866487248, "output_throughput": 117.55206361071886, "total_throughput": 355.2224222755913, "prefix_cache_reused_ratio": 0.016608425929561427, "disk_prefetch_ratio": 0.0, "mean_ttft_ms": 21.387831872760515, "median_ttft_ms": 21.09527897580321, "std_ttft_ms": 4.880806574767889, "p90_ttft_ms": 28.151441044693115, "p95_ttft_ms": 28.75231151334539, "p99_ttft_ms": 32.62245556111594, "mean_queue_ms": -5e-06, "mean_tpot_ms": 11.887724831483448, "median_tpot_ms": 11.809950278364783, "std_tpot_ms": 0.5254796728748988, "p90_tpot_ms": 12.500028072116073, "p95_tpot_ms": 12.720656585636762, "p99_tpot_ms": 13.767862166231282, "mean_itl_ms": 11.87496235084197, "median_itl_ms": 11.586996639294966, "std_itl_ms": 2.608007208950192, "p90_itl_ms": 11.672430507758236, "p95_itl_ms": 11.698029211943961, "p99_itl_ms": 27.81866167984632, "max_itl_ms": 59.78460215927939, "mean_e2e_latency_ms": 757.4573731897002, "median_e2e_latency_ms": 754.5812308585696, "std_e2e_latency_ms": 411.7685716210064, "p90_e2e_latency_ms": 1322.930193818266, "p95_e2e_latency_ms": 1383.816517200038, "p99_e2e_latency_ms": 1519.5416166501022, "mean_prefill_queue_ms": 0.0, "p50_prefill_queue_ms": 0.0, "p95_prefill_queue_ms": 0.0, "p99_prefill_queue_ms": 0.0, "mean_kv_transfer_ms": 0.0, "p50_kv_transfer_ms": 0.0, "p95_kv_transfer_ms": 0.0, "p99_kv_transfer_ms": 0.0, "mean_decode_queue_ms": 0.0, "p50_decode_queue_ms": 0.0, "p95_decode_queue_ms": 0.0, "p99_decode_queue_ms": 0.0, "time_cost": 15.205185174942017}
