{"num_requests": 200, "completed": 200, "total_input": 102982, "total_output": 49461, "duration": 111.4591959755339, "request_throughput": 1.7943786356031264, "input_throughput": 923.9435032584058, "output_throughput": 443.75880847783117, "total_throughput": 1367.7023117362369, "prefix_cache_reused_ratio": 0.9980579130333457, "disk_prefetch_ratio": 0.0, "mean_ttft_ms": 17.22763251795511, "median_ttft_ms": 17.53130398665803, "std_ttft_ms": 3.404178683188764, "p90_ttft_ms": 21.59881930169938, "p95_ttft_ms": 22.58064869440641, "p99_ttft_ms": 23.411419674971086, "mean_queue_ms": -5e-06, "mean_tpot_ms": 12.493500715214934, "median_tpot_ms": 12.499508757847382, "std_tpot_ms": 0.3531664354873856, "p90_tpot_ms": 12.991580658108377, "p95_tpot_ms": 13.09774913862734, "p99_tpot_ms": 13.191287237834825, "mean_itl_ms": 12.501694933746975, "median_itl_ms": 12.316989987585458, "std_itl_ms": 1.759742673871592, "p90_itl_ms": 12.682955732131518, "p95_itl_ms": 12.804922903200122, "p99_itl_ms": 23.697383318008747, "max_itl_ms": 35.20175623593502, "mean_e2e_latency_ms": 3096.4576031745037, "median_e2e_latency_ms": 2913.4567422969944, "std_e2e_latency_ms": 1771.4207821669359, "p90_e2e_latency_ms": 5672.676731204684, "p95_e2e_latency_ms": 6006.915832429342, "p99_e2e_latency_ms": 6330.824912305169, "mean_prefill_queue_ms": 0.0, "p50_prefill_queue_ms": 0.0, "p95_prefill_queue_ms": 0.0, "p99_prefill_queue_ms": 0.0, "mean_kv_transfer_ms": 0.0, "p50_kv_transfer_ms": 0.0, "p95_kv_transfer_ms": 0.0, "p99_kv_transfer_ms": 0.0, "mean_decode_queue_ms": 0.0, "p50_decode_queue_ms": 0.0, "p95_decode_queue_ms": 0.0, "p99_decode_queue_ms": 0.0, "time_cost": 19.63162922859192}
