{"num_requests": 200, "completed": 200, "total_input": 25469, "total_output": 49461, "duration": 32.236922553105735, "request_throughput": 6.204066150251424, "input_throughput": 790.0568039037676, "output_throughput": 1534.2965792879284, "total_throughput": 2324.353383191696, "prefix_cache_reused_ratio": 0.016608425929561427, "disk_prefetch_ratio": 0.0, "mean_ttft_ms": 24.050569877650645, "median_ttft_ms": 24.154493175286618, "std_ttft_ms": 4.730386698911552, "p90_ttft_ms": 29.62358638651423, "p95_ttft_ms": 32.15573920730972, "p99_ttft_ms": 34.37877293712778, "mean_queue_ms": -5e-06, "mean_tpot_ms": 14.822168811616274, "median_tpot_ms": 14.924896617711402, "std_tpot_ms": 0.7815102891382757, "p90_tpot_ms": 15.595543669570812, "p95_tpot_ms": 15.760504970597959, "p99_tpot_ms": 16.46407926838839, "mean_itl_ms": 14.813675189506991, "median_itl_ms": 13.20269627873305, "std_itl_ms": 5.616526837139848, "p90_itl_ms": 14.140725805127374, "p95_itl_ms": 29.5945543425411, "p99_itl_ms": 35.744093262056964, "max_itl_ms": 71.37059684397195, "mean_e2e_latency_ms": 3672.732837429171, "median_e2e_latency_ms": 3548.5470486312984, "std_e2e_latency_ms": 2093.1755876640495, "p90_e2e_latency_ms": 6782.113729336275, "p95_e2e_latency_ms": 7186.0264324549025, "p99_e2e_latency_ms": 7600.017399784807, "mean_prefill_queue_ms": 0.0, "p50_prefill_queue_ms": 0.0, "p95_prefill_queue_ms": 0.0, "p99_prefill_queue_ms": 0.0, "mean_kv_transfer_ms": 0.0, "p50_kv_transfer_ms": 0.0, "p95_kv_transfer_ms": 0.0, "p99_kv_transfer_ms": 0.0, "mean_decode_queue_ms": 0.0, "p50_decode_queue_ms": 0.0, "p95_decode_queue_ms": 0.0, "p99_decode_queue_ms": 0.0, "time_cost": 9.025038242340088}
