{"num_requests": 200, "completed": 200, "total_input": 110056, "total_output": 12597, "duration": 25.83446654452373, "request_throughput": 7.741595889170589, "input_throughput": 4260.045385892791, "output_throughput": 487.60441707940953, "total_throughput": 4747.6498029722015, "prefix_cache_reused_ratio": 0.0, "disk_prefetch_ratio": 0.0, "mean_ttft_ms": 52.746995401841254, "median_ttft_ms": 48.750527824694245, "std_ttft_ms": 25.488448383741506, "p90_ttft_ms": 86.27829784479495, "p95_ttft_ms": 100.82221370690823, "p99_ttft_ms": 135.06678440698118, "mean_queue_ms": -5e-06, "mean_tpot_ms": 17.208672551092867, "median_tpot_ms": 17.04780670184744, "std_tpot_ms": 3.5388461264788136, "p90_tpot_ms": 21.200030470717618, "p95_tpot_ms": 22.520512385145658, "p99_tpot_ms": 31.426600863695768, "mean_itl_ms": 16.969670066918027, "median_itl_ms": 12.560412022971867, "std_itl_ms": 18.108524843107155, "p90_itl_ms": 12.993603560652822, "p95_itl_ms": 50.379765909077, "p99_itl_ms": 103.88638877467305, "max_itl_ms": 263.82598490804196, "mean_e2e_latency_ms": 1104.611994499755, "median_e2e_latency_ms": 1060.7107242490056, "std_e2e_latency_ms": 608.1404555840788, "p90_e2e_latency_ms": 1965.5148653887063, "p95_e2e_latency_ms": 2087.2857806637894, "p99_e2e_latency_ms": 2275.5465311478815, "mean_prefill_queue_ms": 0.0, "p50_prefill_queue_ms": 0.0, "p95_prefill_queue_ms": 0.0, "p99_prefill_queue_ms": 0.0, "mean_kv_transfer_ms": 0.0, "p50_kv_transfer_ms": 0.0, "p95_kv_transfer_ms": 0.0, "p99_kv_transfer_ms": 0.0, "mean_decode_queue_ms": 0.0, "p50_decode_queue_ms": 0.0, "p95_decode_queue_ms": 0.0, "p99_decode_queue_ms": 0.0, "time_cost": 8.911034345626831}
