{"num_requests": 200, "completed": 200, "total_input": 232719, "total_output": 49461, "duration": 32.88420929921911, "request_throughput": 6.081946449743262, "input_throughput": 7076.92247918901, "output_throughput": 1504.0957667537573, "total_throughput": 8581.018245942767, "prefix_cache_reused_ratio": 0.0, "disk_prefetch_ratio": 0.0, "mean_ttft_ms": 116.85051184619805, "median_ttft_ms": 100.59996306939479, "std_ttft_ms": 66.43680059842715, "p90_ttft_ms": 208.44240343790813, "p95_ttft_ms": 242.12241119576464, "p99_ttft_ms": 286.66296350339326, "mean_queue_ms": -5e-06, "mean_tpot_ms": 38.12284617188769, "median_tpot_ms": 39.8602339801697, "std_tpot_ms": 8.505539445666326, "p90_tpot_ms": 47.25410502418884, "p95_tpot_ms": 49.774354780700655, "p99_tpot_ms": 54.83847625358906, "mean_itl_ms": 37.32013422291388, "median_itl_ms": 25.02084437773, "std_itl_ms": 55.80845788271925, "p90_itl_ms": 54.55812926734893, "p95_itl_ms": 107.03416902391183, "p99_itl_ms": 350.19877252461026, "max_itl_ms": 544.403340961054, "mean_e2e_latency_ms": 9308.986171621003, "median_e2e_latency_ms": 8317.143689662782, "std_e2e_latency_ms": 5469.18477024689, "p90_e2e_latency_ms": 17613.53501161339, "p95_e2e_latency_ms": 19259.44095048037, "p99_e2e_latency_ms": 21001.72947497924, "mean_prefill_queue_ms": 0.0, "p50_prefill_queue_ms": 0.0, "p95_prefill_queue_ms": 0.0, "p99_prefill_queue_ms": 0.0, "mean_kv_transfer_ms": 0.0, "p50_kv_transfer_ms": 0.0, "p95_kv_transfer_ms": 0.0, "p99_kv_transfer_ms": 0.0, "mean_decode_queue_ms": 0.0, "p50_decode_queue_ms": 0.0, "p95_decode_queue_ms": 0.0, "p99_decode_queue_ms": 0.0, "time_cost": 8.618763208389282}
