{"num_requests": 200, "completed": 200, "total_input": 25469, "total_output": 49461, "duration": 58.588487330184826, "request_throughput": 3.41363993360791, "input_throughput": 434.7099773452993, "output_throughput": 844.2102237809041, "total_throughput": 1278.9202011262034, "prefix_cache_reused_ratio": 0.016608425929561427, "disk_prefetch_ratio": 0.0, "mean_ttft_ms": 23.31638781192458, "median_ttft_ms": 22.788169788501733, "std_ttft_ms": 4.886290186091069, "p90_ttft_ms": 28.777916441568863, "p95_ttft_ms": 30.647650375392992, "p99_ttft_ms": 35.19158783681581, "mean_queue_ms": -5e-06, "mean_tpot_ms": 13.261912632262625, "median_tpot_ms": 13.278840017568545, "std_tpot_ms": 0.42942279506208686, "p90_tpot_ms": 13.755555406502117, "p95_tpot_ms": 13.98092273783882, "p99_tpot_ms": 14.198729474256158, "mean_itl_ms": 13.27523673272153, "median_itl_ms": 12.4925524560755, "std_itl_ms": 3.8013015645485924, "p90_itl_ms": 12.761581864672245, "p95_itl_ms": 12.897623037346762, "p99_itl_ms": 30.81640722447787, "max_itl_ms": 60.49986394961593, "mean_e2e_latency_ms": 3293.0735712649002, "median_e2e_latency_ms": 3118.1911154541417, "std_e2e_latency_ms": 1880.0145833102663, "p90_e2e_latency_ms": 6017.376268567558, "p95_e2e_latency_ms": 6349.948431181341, "p99_e2e_latency_ms": 6793.59551710692, "mean_prefill_queue_ms": 0.0, "p50_prefill_queue_ms": 0.0, "p95_prefill_queue_ms": 0.0, "p99_prefill_queue_ms": 0.0, "mean_kv_transfer_ms": 0.0, "p50_kv_transfer_ms": 0.0, "p95_kv_transfer_ms": 0.0, "p99_kv_transfer_ms": 0.0, "mean_decode_queue_ms": 0.0, "p50_decode_queue_ms": 0.0, "p95_decode_queue_ms": 0.0, "p99_decode_queue_ms": 0.0, "time_cost": 12.162250518798828}
