{"num_requests": 200, "completed": 200, "total_input": 25469, "total_output": 12597, "duration": 107.14846032822327, "request_throughput": 1.8665690518309699, "input_throughput": 237.69823590541486, "output_throughput": 117.56585172957364, "total_throughput": 355.2640876349885, "prefix_cache_reused_ratio": 0.992147316345361, "disk_prefetch_ratio": 0.0, "mean_ttft_ms": 15.496867949019451, "median_ttft_ms": 15.33791614308555, "std_ttft_ms": 3.6455323098573076, "p90_ttft_ms": 20.648213182785558, "p95_ttft_ms": 21.269542646422487, "p99_ttft_ms": 22.169716835929805, "mean_queue_ms": -5e-06, "mean_tpot_ms": 11.746497465315517, "median_tpot_ms": 11.694883792077677, "std_tpot_ms": 0.36585124545191766, "p90_tpot_ms": 12.161026534546485, "p95_tpot_ms": 12.347586723298239, "p99_tpot_ms": 12.898535900628753, "mean_itl_ms": 11.741837745628093, "median_itl_ms": 11.584265138402827, "std_itl_ms": 1.709702820734176, "p90_itl_ms": 11.671015256929707, "p95_itl_ms": 11.684630462369228, "p99_itl_ms": 22.81470293645782, "max_itl_ms": 34.50464749672122, "mean_e2e_latency_ms": 743.3146806117768, "median_e2e_latency_ms": 749.6981437234283, "std_e2e_latency_ms": 406.41171588071353, "p90_e2e_latency_ms": 1300.3212346592065, "p95_e2e_latency_ms": 1367.4033662986492, "p99_e2e_latency_ms": 1485.507856794598, "mean_prefill_queue_ms": 0.0, "p50_prefill_queue_ms": 0.0, "p95_prefill_queue_ms": 0.0, "p99_prefill_queue_ms": 0.0, "mean_kv_transfer_ms": 0.0, "p50_kv_transfer_ms": 0.0, "p95_kv_transfer_ms": 0.0, "p99_kv_transfer_ms": 0.0, "mean_decode_queue_ms": 0.0, "p50_decode_queue_ms": 0.0, "p95_decode_queue_ms": 0.0, "p99_decode_queue_ms": 0.0, "time_cost": 15.308479070663452}
