{"num_requests": 200, "completed": 200, "total_input": 102982, "total_output": 12597, "duration": 27.472190193943362, "request_throughput": 7.280089377223839, "input_throughput": 3748.590821226327, "output_throughput": 458.53642942444355, "total_throughput": 4207.12725065077, "prefix_cache_reused_ratio": 0.9980579130333457, "disk_prefetch_ratio": 0.0, "mean_ttft_ms": 17.17934841141326, "median_ttft_ms": 17.248721747536333, "std_ttft_ms": 3.589853137354869, "p90_ttft_ms": 22.03547837044892, "p95_ttft_ms": 22.579506907842628, "p99_ttft_ms": 22.912915428054255, "mean_queue_ms": -5e-06, "mean_tpot_ms": 13.320778131892006, "median_tpot_ms": 13.217416533802558, "std_tpot_ms": 0.8393125641717958, "p90_tpot_ms": 14.226086258116508, "p95_tpot_ms": 14.644344487345009, "p99_tpot_ms": 15.622137002581152, "mean_itl_ms": 13.289701113360486, "median_itl_ms": 12.266338873459404, "std_itl_ms": 3.5607699036902707, "p90_itl_ms": 12.751391333272721, "p95_itl_ms": 23.604622126079633, "p99_itl_ms": 24.19095861100118, "max_itl_ms": 35.67019136073313, "mean_e2e_latency_ms": 840.9414719230631, "median_e2e_latency_ms": 852.1178072675114, "std_e2e_latency_ms": 462.7050001098637, "p90_e2e_latency_ms": 1504.2814972989038, "p95_e2e_latency_ms": 1578.619047212293, "p99_e2e_latency_ms": 1664.9750231433993, "mean_prefill_queue_ms": 0.0, "p50_prefill_queue_ms": 0.0, "p95_prefill_queue_ms": 0.0, "p99_prefill_queue_ms": 0.0, "mean_kv_transfer_ms": 0.0, "p50_kv_transfer_ms": 0.0, "p95_kv_transfer_ms": 0.0, "p99_kv_transfer_ms": 0.0, "mean_decode_queue_ms": 0.0, "p50_decode_queue_ms": 0.0, "p95_decode_queue_ms": 0.0, "p99_decode_queue_ms": 0.0, "time_cost": 7.463778734207153}
