{"num_requests": 200, "completed": 200, "total_input": 217828, "total_output": 49461, "duration": 111.55857333947819, "request_throughput": 1.792780187241999, "input_throughput": 1952.5886131327509, "output_throughput": 443.3635042058826, "total_throughput": 2395.952117338634, "prefix_cache_reused_ratio": 0.9990818443909874, "disk_prefetch_ratio": 0.0, "mean_ttft_ms": 17.266829939279873, "median_ttft_ms": 17.221096115005885, "std_ttft_ms": 3.3954695275774003, "p90_ttft_ms": 21.61117520856024, "p95_ttft_ms": 22.916038149021567, "p99_ttft_ms": 23.599430238178268, "mean_queue_ms": -5e-06, "mean_tpot_ms": 12.803234373792861, "median_tpot_ms": 12.771259376863776, "std_tpot_ms": 0.49112904326978857, "p90_tpot_ms": 13.546339100239674, "p95_tpot_ms": 13.754448807127734, "p99_tpot_ms": 13.851186671051925, "mean_itl_ms": 12.815360655186584, "median_itl_ms": 12.568914313966673, "std_itl_ms": 1.8527663804989882, "p90_itl_ms": 13.335231823134563, "p95_itl_ms": 13.45964782314013, "p99_itl_ms": 24.185807370145085, "max_itl_ms": 36.42608057542418, "mean_e2e_latency_ms": 3173.754236115011, "median_e2e_latency_ms": 2960.8796113127687, "std_e2e_latency_ms": 1817.2874043726154, "p90_e2e_latency_ms": 5756.656760919229, "p95_e2e_latency_ms": 6129.471909388217, "p99_e2e_latency_ms": 6413.28237705687, "mean_prefill_queue_ms": 0.0, "p50_prefill_queue_ms": 0.0, "p95_prefill_queue_ms": 0.0, "p99_prefill_queue_ms": 0.0, "mean_kv_transfer_ms": 0.0, "p50_kv_transfer_ms": 0.0, "p95_kv_transfer_ms": 0.0, "p99_kv_transfer_ms": 0.0, "mean_decode_queue_ms": 0.0, "p50_decode_queue_ms": 0.0, "p95_decode_queue_ms": 0.0, "p99_decode_queue_ms": 0.0, "time_cost": 19.24637532234192}
