{"num_requests": 200, "completed": 200, "total_input": 102982, "total_output": 12597, "duration": 54.00476978529961, "request_throughput": 3.7033765868295783, "input_throughput": 1906.905638324418, "output_throughput": 233.25717432146098, "total_throughput": 2140.162812645879, "prefix_cache_reused_ratio": 0.9980579130333457, "disk_prefetch_ratio": 0.0, "mean_ttft_ms": 17.02906003378793, "median_ttft_ms": 17.47462209714712, "std_ttft_ms": 3.6052852486004467, "p90_ttft_ms": 21.80524535132138, "p95_ttft_ms": 22.665743531217107, "p99_ttft_ms": 22.966017548055433, "mean_queue_ms": -5e-06, "mean_tpot_ms": 12.308609239512235, "median_tpot_ms": 12.24517172144451, "std_tpot_ms": 0.46345721333374895, "p90_tpot_ms": 12.93085697259324, "p95_tpot_ms": 13.050121869537389, "p99_tpot_ms": 13.532670453036294, "mean_itl_ms": 12.313039045426637, "median_itl_ms": 11.753709686496805, "std_itl_ms": 2.3949341738923824, "p90_itl_ms": 12.26507316864911, "p95_itl_ms": 12.291765045792324, "p99_itl_ms": 23.545599257616345, "max_itl_ms": 34.86228005105119, "mean_e2e_latency_ms": 780.2527852645582, "median_e2e_latency_ms": 788.9739800602706, "std_e2e_latency_ms": 427.33730893155445, "p90_e2e_latency_ms": 1374.434474545029, "p95_e2e_latency_ms": 1449.2462869616845, "p99_e2e_latency_ms": 1556.2485258548895, "mean_prefill_queue_ms": 0.0, "p50_prefill_queue_ms": 0.0, "p95_prefill_queue_ms": 0.0, "p99_prefill_queue_ms": 0.0, "mean_kv_transfer_ms": 0.0, "p50_kv_transfer_ms": 0.0, "p95_kv_transfer_ms": 0.0, "p99_kv_transfer_ms": 0.0, "mean_decode_queue_ms": 0.0, "p50_decode_queue_ms": 0.0, "p95_decode_queue_ms": 0.0, "p99_decode_queue_ms": 0.0, "time_cost": 11.657887935638428}
