{
    "num_requests": 200,
    "completed": 200,
    "total_input": 217828,
    "total_output": 49461,
    "duration": 32.78156197480738,
    "request_throughput": 6.100990555413434,
    "input_throughput": 6644.8328535229875,
    "output_throughput": 1508.8054693065194,
    "total_throughput": 8153.638322829507,
    "prefix_cache_reused_ratio": 0.9990818443909874,
    "disk_prefetch_ratio": 0.0,
    "mean_ttft_ms": 19.698761191685985,
    "median_ttft_ms": 19.65661201854374,
    "std_ttft_ms": 5.145485653437977,
    "p90_ttft_ms": 26.213464476715487,
    "p95_ttft_ms": 27.521808855498527,
    "p99_ttft_ms": 29.224356579589177,
    "mean_queue_ms": -5e-06,
    "mean_tpot_ms": 18.10072416640547,
    "median_tpot_ms": 18.636796721549615,
    "std_tpot_ms": 1.9048103963032366,
    "p90_tpot_ms": 20.139086494443678,
    "p95_tpot_ms": 20.31572007668846,
    "p99_tpot_ms": 20.85982250665343,
    "mean_itl_ms": 18.073596259627305,
    "median_itl_ms": 17.470769176764378,
    "std_itl_ms": 4.400079303867966,
    "p90_itl_ms": 27.09975460481573,
    "p95_itl_ms": 29.201815931092057,
    "p99_itl_ms": 30.37892349022897,
    "max_itl_ms": 47.52188641491806,
    "mean_e2e_latency_ms": 4471.315887919191,
    "median_e2e_latency_ms": 4339.343631893583,
    "std_e2e_latency_ms": 2567.5656619202305,
    "p90_e2e_latency_ms": 8066.862916821039,
    "p95_e2e_latency_ms": 8746.311428580831,
    "p99_e2e_latency_ms": 9446.299503939292,
    "mean_prefill_queue_ms": 0.0,
    "p50_prefill_queue_ms": 0.0,
    "p95_prefill_queue_ms": 0.0,
    "p99_prefill_queue_ms": 0.0,
    "mean_kv_transfer_ms": 0.0,
    "p50_kv_transfer_ms": 0.0,
    "p95_kv_transfer_ms": 0.0,
    "p99_kv_transfer_ms": 0.0,
    "mean_decode_queue_ms": 0.0,
    "p50_decode_queue_ms": 0.0,
    "p95_decode_queue_ms": 0.0,
    "p99_decode_queue_ms": 0.0,
    "time_cost": 9.291640281677246
}