{"num_requests": 200, "completed": 200, "total_input": 110056, "total_output": 12597, "duration": 100.65649993965593, "request_throughput": 1.9869556374392214, "input_throughput": 1093.3819481700548, "output_throughput": 125.14840082410936, "total_throughput": 1218.5303489941641, "prefix_cache_reused_ratio": 0.0, "disk_prefetch_ratio": 0.0, "mean_ttft_ms": 43.12467315763168, "median_ttft_ms": 40.86401089784842, "std_ttft_ms": 17.201765888626607, "p90_ttft_ms": 62.13501024408785, "p95_ttft_ms": 69.17848860713727, "p99_ttft_ms": 89.53137481078622, "mean_queue_ms": -5e-06, "mean_tpot_ms": 12.645635143564373, "median_tpot_ms": 12.356156084088765, "std_tpot_ms": 1.2847045207390213, "p90_tpot_ms": 14.323868999655412, "p95_tpot_ms": 14.893309540550538, "p99_tpot_ms": 17.74131464766046, "mean_itl_ms": 12.635241965632803, "median_itl_ms": 11.721841430031077, "std_itl_ms": 7.211343898000581, "p90_itl_ms": 12.1689757203427, "p95_itl_ms": 12.269928426423604, "p99_itl_ms": 53.788761710888394, "max_itl_ms": 191.2531984333441, "mean_e2e_latency_ms": 826.320146397381, "median_e2e_latency_ms": 811.2992325200694, "std_e2e_latency_ms": 440.7228125084998, "p90_e2e_latency_ms": 1453.867714947642, "p95_e2e_latency_ms": 1534.6595220238648, "p99_e2e_latency_ms": 1620.7867429684352, "mean_prefill_queue_ms": 0.0, "p50_prefill_queue_ms": 0.0, "p95_prefill_queue_ms": 0.0, "p99_prefill_queue_ms": 0.0, "mean_kv_transfer_ms": 0.0, "p50_kv_transfer_ms": 0.0, "p95_kv_transfer_ms": 0.0, "p99_kv_transfer_ms": 0.0, "mean_decode_queue_ms": 0.0, "p50_decode_queue_ms": 0.0, "p95_decode_queue_ms": 0.0, "p99_decode_queue_ms": 0.0, "time_cost": 14.697601556777954}
