{"num_requests": 200, "completed": 200, "total_input": 110056, "total_output": 12597, "duration": 200.45006020804286, "request_throughput": 0.9977547514449447, "input_throughput": 549.0444846251241, "output_throughput": 62.84358301975984, "total_throughput": 611.888067644884, "prefix_cache_reused_ratio": 0.0, "disk_prefetch_ratio": 0.0, "mean_ttft_ms": 39.33582056271289, "median_ttft_ms": 38.44043348379245, "std_ttft_ms": 15.287403937910696, "p90_ttft_ms": 57.91489125582885, "p95_ttft_ms": 62.94722633145113, "p99_ttft_ms": 69.24216576415621, "mean_queue_ms": -5e-06, "mean_tpot_ms": 12.045148917670685, "median_tpot_ms": 11.742125861502261, "std_tpot_ms": 1.0283848845596808, "p90_tpot_ms": 13.072946196181928, "p95_tpot_ms": 13.880492461804844, "p99_tpot_ms": 15.461329186069195, "mean_itl_ms": 12.018507747688549, "median_itl_ms": 11.619283518086831, "std_itl_ms": 4.762883740023105, "p90_itl_ms": 11.774940574374781, "p95_itl_ms": 11.829482321267193, "p99_itl_ms": 38.24446761591396, "max_itl_ms": 114.53770578543754, "mean_e2e_latency_ms": 784.3030233031877, "median_e2e_latency_ms": 778.1992865500591, "std_e2e_latency_ms": 416.9380710606008, "p90_e2e_latency_ms": 1371.7295649864254, "p95_e2e_latency_ms": 1451.3343747819256, "p99_e2e_latency_ms": 1558.4374546313609, "mean_prefill_queue_ms": 0.0, "p50_prefill_queue_ms": 0.0, "p95_prefill_queue_ms": 0.0, "p99_prefill_queue_ms": 0.0, "mean_kv_transfer_ms": 0.0, "p50_kv_transfer_ms": 0.0, "p95_kv_transfer_ms": 0.0, "p99_kv_transfer_ms": 0.0, "mean_decode_queue_ms": 0.0, "p50_decode_queue_ms": 0.0, "p95_decode_queue_ms": 0.0, "p99_decode_queue_ms": 0.0, "time_cost": 18.723623752593994}
