{"num_requests": 200, "completed": 200, "total_input": 27177, "total_output": 12597, "duration": 25.813156964742888, "request_throughput": 7.747986822114461, "input_throughput": 1052.8351893230235, "output_throughput": 488.0069499908793, "total_throughput": 1540.8421393139029, "prefix_cache_reused_ratio": 0.0, "disk_prefetch_ratio": 0.0, "mean_ttft_ms": 24.742907846124556, "median_ttft_ms": 24.17214496247233, "std_ttft_ms": 5.82662848876842, "p90_ttft_ms": 32.636567598994404, "p95_ttft_ms": 35.71772039829776, "p99_ttft_ms": 39.186841159976275, "mean_queue_ms": -5e-06, "mean_tpot_ms": 14.128002679575207, "median_tpot_ms": 13.984654622511432, "std_tpot_ms": 1.7126175167547832, "p90_tpot_ms": 15.371465037059309, "p95_tpot_ms": 15.988033257195934, "p99_tpot_ms": 21.33570931864283, "mean_itl_ms": 14.010933981272563, "median_itl_ms": 12.168124495337551, "std_itl_ms": 6.534633187774176, "p90_itl_ms": 12.64348681863936, "p95_itl_ms": 29.313904140755742, "p99_itl_ms": 45.437091366220095, "max_itl_ms": 72.96559666872949, "mean_e2e_latency_ms": 893.2106506753044, "median_e2e_latency_ms": 864.4599315580743, "std_e2e_latency_ms": 491.2031905666507, "p90_e2e_latency_ms": 1592.8519973254067, "p95_e2e_latency_ms": 1685.7997494818758, "p99_e2e_latency_ms": 1757.49875300124, "mean_prefill_queue_ms": 0.0, "p50_prefill_queue_ms": 0.0, "p95_prefill_queue_ms": 0.0, "p99_prefill_queue_ms": 0.0, "mean_kv_transfer_ms": 0.0, "p50_kv_transfer_ms": 0.0, "p95_kv_transfer_ms": 0.0, "p99_kv_transfer_ms": 0.0, "mean_decode_queue_ms": 0.0, "p50_decode_queue_ms": 0.0, "p95_decode_queue_ms": 0.0, "p99_decode_queue_ms": 0.0, "time_cost": 12.094859838485718}
