{"num_requests": 200, "completed": 200, "total_input": 27177, "total_output": 49461, "duration": 104.69266302500371, "request_throughput": 1.9103535455224219, "input_throughput": 259.5883915333143, "output_throughput": 472.43998357542256, "total_throughput": 732.0283751087369, "prefix_cache_reused_ratio": 0.0, "disk_prefetch_ratio": 0.0, "mean_ttft_ms": 23.17718168199499, "median_ttft_ms": 22.580456323318288, "std_ttft_ms": 4.814871569696897, "p90_ttft_ms": 28.814416024632195, "p95_ttft_ms": 31.493086956473633, "p99_ttft_ms": 36.6902483809855, "mean_queue_ms": -5e-06, "mean_tpot_ms": 12.590495077309733, "median_tpot_ms": 12.614962638513527, "std_tpot_ms": 0.43523250878098524, "p90_tpot_ms": 13.047344181994035, "p95_tpot_ms": 13.17134548514192, "p99_tpot_ms": 13.554791423679456, "mean_itl_ms": 12.58766030936859, "median_itl_ms": 12.198235661941226, "std_itl_ms": 2.918481574064761, "p90_itl_ms": 12.458800492741062, "p95_itl_ms": 12.481703096312913, "p99_itl_ms": 30.110086660116053, "max_itl_ms": 51.38445414161197, "mean_e2e_latency_ms": 3123.580854181025, "median_e2e_latency_ms": 2976.5013051591877, "std_e2e_latency_ms": 1780.1971295441413, "p90_e2e_latency_ms": 5657.195890240071, "p95_e2e_latency_ms": 5983.176732708723, "p99_e2e_latency_ms": 6350.439878797432, "mean_prefill_queue_ms": 0.0, "p50_prefill_queue_ms": 0.0, "p95_prefill_queue_ms": 0.0, "p99_prefill_queue_ms": 0.0, "mean_kv_transfer_ms": 0.0, "p50_kv_transfer_ms": 0.0, "p95_kv_transfer_ms": 0.0, "p99_kv_transfer_ms": 0.0, "mean_decode_queue_ms": 0.0, "p50_decode_queue_ms": 0.0, "p95_decode_queue_ms": 0.0, "p99_decode_queue_ms": 0.0, "time_cost": 17.831157684326172}
