{"num_requests": 200, "completed": 200, "total_input": 102982, "total_output": 12597, "duration": 18.731236190008598, "request_throughput": 10.677351882770115, "input_throughput": 5497.875257957159, "output_throughput": 672.5130083362757, "total_throughput": 6170.388266293435, "prefix_cache_reused_ratio": 0.9980579130333457, "disk_prefetch_ratio": 0.0, "mean_ttft_ms": 17.483513940892777, "median_ttft_ms": 17.614943076264655, "std_ttft_ms": 3.659823046841179, "p90_ttft_ms": 22.452207647842172, "p95_ttft_ms": 22.954309785900048, "p99_ttft_ms": 23.630616906548397, "mean_queue_ms": -5e-06, "mean_tpot_ms": 14.19827756283791, "median_tpot_ms": 14.130502837356513, "std_tpot_ms": 0.9066474397294968, "p90_tpot_ms": 15.341017850714698, "p95_tpot_ms": 15.882307936719496, "p99_tpot_ms": 16.560708933896553, "mean_itl_ms": 14.194692430601254, "median_itl_ms": 12.542936894999634, "std_itl_ms": 4.659236491329822, "p90_itl_ms": 23.75322077262254, "p95_itl_ms": 23.96160443836237, "p99_itl_ms": 35.31292197521552, "max_itl_ms": 46.707306100162384, "mean_e2e_latency_ms": 897.3415242517117, "median_e2e_latency_ms": 891.8052172885309, "std_e2e_latency_ms": 495.53826293792764, "p90_e2e_latency_ms": 1610.7322036918267, "p95_e2e_latency_ms": 1681.2272228605375, "p99_e2e_latency_ms": 1774.0647442973782, "mean_prefill_queue_ms": 0.0, "p50_prefill_queue_ms": 0.0, "p95_prefill_queue_ms": 0.0, "p99_prefill_queue_ms": 0.0, "mean_kv_transfer_ms": 0.0, "p50_kv_transfer_ms": 0.0, "p95_kv_transfer_ms": 0.0, "p99_kv_transfer_ms": 0.0, "mean_decode_queue_ms": 0.0, "p50_decode_queue_ms": 0.0, "p95_decode_queue_ms": 0.0, "p99_decode_queue_ms": 0.0, "time_cost": 7.661199331283569}
