{"num_requests": 200, "completed": 200, "total_input": 102982, "total_output": 49461, "duration": 24.592744725087393, "request_throughput": 8.132479812063323, "input_throughput": 4187.495180029526, "output_throughput": 2011.2029199223202, "total_throughput": 6198.6980999518455, "prefix_cache_reused_ratio": 0.006816725252956827, "disk_prefetch_ratio": 0.0, "mean_ttft_ms": 50.432122937706104, "median_ttft_ms": 50.650233439271105, "std_ttft_ms": 20.718152312309673, "p90_ttft_ms": 76.02045147745731, "p95_ttft_ms": 90.39592219521705, "p99_ttft_ms": 112.21413449629208, "mean_queue_ms": -5e-06, "mean_tpot_ms": 26.048739808429307, "median_tpot_ms": 26.735932306874016, "std_tpot_ms": 4.743292948505063, "p90_tpot_ms": 31.337428263498097, "p95_tpot_ms": 31.969883599274613, "p99_tpot_ms": 35.204713773538614, "mean_itl_ms": 25.573820604540114, "median_itl_ms": 18.788253114049525, "std_itl_ms": 24.948020468122614, "p90_itl_ms": 48.39555225356307, "p95_itl_ms": 69.65479611775294, "p99_itl_ms": 148.22429551767158, "max_itl_ms": 244.4632851752271, "mean_e2e_latency_ms": 6349.392006938959, "median_e2e_latency_ms": 5856.330266761337, "std_e2e_latency_ms": 3628.1911132085197, "p90_e2e_latency_ms": 12023.39766344262, "p95_e2e_latency_ms": 12699.118813075132, "p99_e2e_latency_ms": 13375.939868048621, "mean_prefill_queue_ms": 0.0, "p50_prefill_queue_ms": 0.0, "p95_prefill_queue_ms": 0.0, "p99_prefill_queue_ms": 0.0, "mean_kv_transfer_ms": 0.0, "p50_kv_transfer_ms": 0.0, "p95_kv_transfer_ms": 0.0, "p99_kv_transfer_ms": 0.0, "mean_decode_queue_ms": 0.0, "p50_decode_queue_ms": 0.0, "p95_decode_queue_ms": 0.0, "p99_decode_queue_ms": 0.0, "time_cost": 6.1327855587005615}
