{"num_requests": 200, "completed": 200, "total_input": 25469, "total_output": 12597, "duration": 54.000441602301635, "request_throughput": 3.703673415727687, "input_throughput": 471.64429112584236, "output_throughput": 233.2758700896084, "total_throughput": 704.9201612154507, "prefix_cache_reused_ratio": 0.992147316345361, "disk_prefetch_ratio": 0.0, "mean_ttft_ms": 16.629333398127834, "median_ttft_ms": 16.66904675280456, "std_ttft_ms": 3.4694604691298245, "p90_ttft_ms": 21.6331400924064, "p95_ttft_ms": 22.29829618160188, "p99_ttft_ms": 22.87574716483693, "mean_queue_ms": -5e-06, "mean_tpot_ms": 12.204394557022521, "median_tpot_ms": 12.123537364059514, "std_tpot_ms": 0.48633751800223585, "p90_tpot_ms": 12.829013627462306, "p95_tpot_ms": 12.961567721938815, "p99_tpot_ms": 13.518363570742462, "mean_itl_ms": 12.202794036524724, "median_itl_ms": 11.636931171067566, "std_itl_ms": 2.409864120345407, "p90_itl_ms": 12.158910520007282, "p95_itl_ms": 12.16758949031913, "p99_itl_ms": 23.30653309631714, "max_itl_ms": 34.58790878163853, "mean_e2e_latency_ms": 773.0195217521128, "median_e2e_latency_ms": 776.5622864255945, "std_e2e_latency_ms": 423.29328151129744, "p90_e2e_latency_ms": 1362.419997448177, "p95_e2e_latency_ms": 1432.1762855500945, "p99_e2e_latency_ms": 1535.5512563536156, "mean_prefill_queue_ms": 0.0, "p50_prefill_queue_ms": 0.0, "p95_prefill_queue_ms": 0.0, "p99_prefill_queue_ms": 0.0, "mean_kv_transfer_ms": 0.0, "p50_kv_transfer_ms": 0.0, "p95_kv_transfer_ms": 0.0, "p99_kv_transfer_ms": 0.0, "mean_decode_queue_ms": 0.0, "p50_decode_queue_ms": 0.0, "p95_decode_queue_ms": 0.0, "p99_decode_queue_ms": 0.0, "time_cost": 11.260385513305664}
