{"num_requests": 200, "completed": 200, "total_input": 25469, "total_output": 49461, "duration": 32.21871294571897, "request_throughput": 6.2075726096493495, "input_throughput": 790.5033339757965, "output_throughput": 1535.1637442293325, "total_throughput": 2325.6670782051287, "prefix_cache_reused_ratio": 0.992147316345361, "disk_prefetch_ratio": 0.0, "mean_ttft_ms": 17.583920311063647, "median_ttft_ms": 17.346216910393508, "std_ttft_ms": 3.975753421253287, "p90_ttft_ms": 23.25142711365107, "p95_ttft_ms": 23.799832764849068, "p99_ttft_ms": 24.512122402302197, "mean_queue_ms": -5e-06, "mean_tpot_ms": 14.097978332312339, "median_tpot_ms": 14.184213095322555, "std_tpot_ms": 0.5539106237338611, "p90_tpot_ms": 14.698222298910103, "p95_tpot_ms": 14.799794530637465, "p99_tpot_ms": 15.095342448492287, "mean_itl_ms": 14.100351684703238, "median_itl_ms": 13.14082900867497, "std_itl_ms": 3.4394559085345775, "p90_itl_ms": 14.085252808499149, "p95_itl_ms": 24.303857176555255, "p99_itl_ms": 24.764189852490404, "max_itl_ms": 36.47622127889427, "mean_e2e_latency_ms": 3490.571042011895, "median_e2e_latency_ms": 3365.0643493623907, "std_e2e_latency_ms": 1992.167192980259, "p90_e2e_latency_ms": 6468.958117874066, "p95_e2e_latency_ms": 6753.607877053989, "p99_e2e_latency_ms": 7192.930902687805, "mean_prefill_queue_ms": 0.0, "p50_prefill_queue_ms": 0.0, "p95_prefill_queue_ms": 0.0, "p99_prefill_queue_ms": 0.0, "mean_kv_transfer_ms": 0.0, "p50_kv_transfer_ms": 0.0, "p95_kv_transfer_ms": 0.0, "p99_kv_transfer_ms": 0.0, "mean_decode_queue_ms": 0.0, "p50_decode_queue_ms": 0.0, "p95_decode_queue_ms": 0.0, "p99_decode_queue_ms": 0.0, "time_cost": 9.001915454864502}
