{"num_requests": 200, "completed": 200, "total_input": 110056, "total_output": 49461, "duration": 30.94487738753237, "request_throughput": 6.463105266029576, "input_throughput": 3556.5175657907553, "output_throughput": 1598.3582478154442, "total_throughput": 5154.8758136062, "prefix_cache_reused_ratio": 0.0, "disk_prefetch_ratio": 0.0, "mean_ttft_ms": 54.14622673369626, "median_ttft_ms": 50.853592244271, "std_ttft_ms": 25.938386561470878, "p90_ttft_ms": 88.55585880961047, "p95_ttft_ms": 99.52231028101889, "p99_ttft_ms": 143.63520216272798, "mean_queue_ms": -5e-06, "mean_tpot_ms": 20.773844814997958, "median_tpot_ms": 21.297715928077256, "std_tpot_ms": 2.784907791135305, "p90_tpot_ms": 22.9173154463527, "p95_tpot_ms": 23.635174876303505, "p99_tpot_ms": 31.843989886437615, "mean_itl_ms": 20.530852174820645, "median_itl_ms": 16.103533569252093, "std_itl_ms": 19.543050219892585, "p90_itl_ms": 27.71152307275515, "p95_itl_ms": 54.40404220484574, "p99_itl_ms": 113.76789471596993, "max_itl_ms": 266.89974173249453, "mean_e2e_latency_ms": 5110.997771652896, "median_e2e_latency_ms": 4855.665113787114, "std_e2e_latency_ms": 2924.3230955096706, "p90_e2e_latency_ms": 9617.980145025285, "p95_e2e_latency_ms": 10127.156772547929, "p99_e2e_latency_ms": 10956.088674675933, "mean_prefill_queue_ms": 0.0, "p50_prefill_queue_ms": 0.0, "p95_prefill_queue_ms": 0.0, "p99_prefill_queue_ms": 0.0, "mean_kv_transfer_ms": 0.0, "p50_kv_transfer_ms": 0.0, "p95_kv_transfer_ms": 0.0, "p99_kv_transfer_ms": 0.0, "mean_decode_queue_ms": 0.0, "p50_decode_queue_ms": 0.0, "p95_decode_queue_ms": 0.0, "p99_decode_queue_ms": 0.0, "time_cost": 13.566422700881958}
