{"num_requests": 200, "completed": 200, "total_input": 25469, "total_output": 49461, "duration": 23.57644231139421, "request_throughput": 8.483044106418992, "input_throughput": 1080.2732517319264, "output_throughput": 2097.8992227379485, "total_throughput": 3178.1724744698754, "prefix_cache_reused_ratio": 0.992147316345361, "disk_prefetch_ratio": 0.0, "mean_ttft_ms": 17.74144308679586, "median_ttft_ms": 16.971966978490016, "std_ttft_ms": 4.2291630901382415, "p90_ttft_ms": 23.911085930875497, "p95_ttft_ms": 24.901098676587985, "p99_ttft_ms": 25.441801040090812, "mean_queue_ms": -5e-06, "mean_tpot_ms": 15.93420120149515, "median_tpot_ms": 16.302050825953152, "std_tpot_ms": 1.1348750790088789, "p90_tpot_ms": 17.011784980615055, "p95_tpot_ms": 17.21284098948336, "p99_tpot_ms": 17.75852374750281, "mean_itl_ms": 15.923606838404696, "median_itl_ms": 14.586004141779796, "std_itl_ms": 4.515440838281197, "p90_itl_ms": 25.690306983255695, "p95_itl_ms": 25.93928982230409, "p99_itl_ms": 36.807530016019996, "max_itl_ms": 57.51050149089343, "mean_e2e_latency_ms": 3939.805425420064, "median_e2e_latency_ms": 3792.860388278499, "std_e2e_latency_ms": 2257.308351054736, "p90_e2e_latency_ms": 7361.517582405884, "p95_e2e_latency_ms": 7734.332471401, "p99_e2e_latency_ms": 8238.032617805962, "mean_prefill_queue_ms": 0.0, "p50_prefill_queue_ms": 0.0, "p95_prefill_queue_ms": 0.0, "p99_prefill_queue_ms": 0.0, "mean_kv_transfer_ms": 0.0, "p50_kv_transfer_ms": 0.0, "p95_kv_transfer_ms": 0.0, "p99_kv_transfer_ms": 0.0, "mean_decode_queue_ms": 0.0, "p50_decode_queue_ms": 0.0, "p95_decode_queue_ms": 0.0, "p99_decode_queue_ms": 0.0, "time_cost": 7.504072666168213}
