{"num_requests": 200, "completed": 200, "total_input": 217828, "total_output": 12597, "duration": 18.773495542733034, "request_throughput": 10.653317041823748, "input_throughput": 11602.953722931916, "output_throughput": 670.9991738792687, "total_throughput": 12273.952896811184, "prefix_cache_reused_ratio": 0.9990818443909874, "disk_prefetch_ratio": 0.0, "mean_ttft_ms": 17.917691679029456, "median_ttft_ms": 18.249939316419272, "std_ttft_ms": 3.6996834749779195, "p90_ttft_ms": 22.56156620195222, "p95_ttft_ms": 23.79833768079971, "p99_ttft_ms": 24.4447654831017, "mean_queue_ms": -5e-06, "mean_tpot_ms": 14.767411568200009, "median_tpot_ms": 14.678975873530806, "std_tpot_ms": 1.0428429997601854, "p90_tpot_ms": 16.09649356414059, "p95_tpot_ms": 16.815132211919654, "p99_tpot_ms": 17.428824028885867, "mean_itl_ms": 14.756137781050043, "median_itl_ms": 13.04057041637341, "std_itl_ms": 4.683672168102274, "p90_itl_ms": 24.29557160017559, "p95_itl_ms": 24.819716510709355, "p99_itl_ms": 35.831041682437004, "max_itl_ms": 47.36336134812902, "mean_e2e_latency_ms": 932.5768920374162, "median_e2e_latency_ms": 927.4074507610079, "std_e2e_latency_ms": 515.4192531856587, "p90_e2e_latency_ms": 1657.2101261599548, "p95_e2e_latency_ms": 1754.1420682602366, "p99_e2e_latency_ms": 1837.0539386838936, "mean_prefill_queue_ms": 0.0, "p50_prefill_queue_ms": 0.0, "p95_prefill_queue_ms": 0.0, "p99_prefill_queue_ms": 0.0, "mean_kv_transfer_ms": 0.0, "p50_kv_transfer_ms": 0.0, "p95_kv_transfer_ms": 0.0, "p99_kv_transfer_ms": 0.0, "mean_decode_queue_ms": 0.0, "p50_decode_queue_ms": 0.0, "p95_decode_queue_ms": 0.0, "p99_decode_queue_ms": 0.0, "time_cost": 6.502543687820435}
