{"num_requests": 200, "completed": 200, "total_input": 217828, "total_output": 12597, "duration": 54.00852488986275, "request_throughput": 3.703119098472905, "input_throughput": 4033.21513491078, "output_throughput": 233.24095641731594, "total_throughput": 4266.456091328096, "prefix_cache_reused_ratio": 0.9990818443909874, "disk_prefetch_ratio": 0.0, "mean_ttft_ms": 16.885604106629536, "median_ttft_ms": 16.69705886236894, "std_ttft_ms": 3.5246877487910417, "p90_ttft_ms": 22.113500792054452, "p95_ttft_ms": 22.703593717064404, "p99_ttft_ms": 23.292124838029764, "mean_queue_ms": -5e-06, "mean_tpot_ms": 12.494054424448812, "median_tpot_ms": 12.420518494485702, "std_tpot_ms": 0.5422747405427407, "p90_tpot_ms": 13.19177267926039, "p95_tpot_ms": 13.355125869384322, "p99_tpot_ms": 13.907655344744922, "mean_itl_ms": 12.492059654864189, "median_itl_ms": 11.901799698615712, "std_itl_ms": 2.529186103318443, "p90_itl_ms": 12.537265394037433, "p95_itl_ms": 12.671657601121211, "p99_itl_ms": 23.891482199010586, "max_itl_ms": 35.60150528414141, "mean_e2e_latency_ms": 791.2059218133866, "median_e2e_latency_ms": 806.2355464190381, "std_e2e_latency_ms": 432.9224646795229, "p90_e2e_latency_ms": 1381.8849626071146, "p95_e2e_latency_ms": 1472.7239097439158, "p99_e2e_latency_ms": 1573.9768838804819, "mean_prefill_queue_ms": 0.0, "p50_prefill_queue_ms": 0.0, "p95_prefill_queue_ms": 0.0, "p99_prefill_queue_ms": 0.0, "mean_kv_transfer_ms": 0.0, "p50_kv_transfer_ms": 0.0, "p95_kv_transfer_ms": 0.0, "p99_kv_transfer_ms": 0.0, "mean_decode_queue_ms": 0.0, "p50_decode_queue_ms": 0.0, "p95_decode_queue_ms": 0.0, "p99_decode_queue_ms": 0.0, "time_cost": 12.280740022659302}
