{"num_requests": 200, "completed": 200, "total_input": 27177, "total_output": 49461, "duration": 55.18117941797485, "request_throughput": 3.6244241625406706, "input_throughput": 492.50487732683905, "output_throughput": 896.3382175171206, "total_throughput": 1388.8430948439595, "prefix_cache_reused_ratio": 0.0, "disk_prefetch_ratio": 0.0, "mean_ttft_ms": 23.93074809549385, "median_ttft_ms": 23.075886677904833, "std_ttft_ms": 5.298241635447783, "p90_ttft_ms": 31.636444598301193, "p95_ttft_ms": 34.578154285312124, "p99_ttft_ms": 36.49869346088159, "mean_queue_ms": -5e-06, "mean_tpot_ms": 13.428443622809084, "median_tpot_ms": 13.464082091693927, "std_tpot_ms": 0.5586077616851093, "p90_tpot_ms": 13.921596276368678, "p95_tpot_ms": 14.154669124102371, "p99_tpot_ms": 14.545024019830638, "mean_itl_ms": 13.417885237801539, "median_itl_ms": 12.595765335618125, "std_itl_ms": 4.2362380631911964, "p90_itl_ms": 12.814308252123041, "p95_itl_ms": 12.947337992319063, "p99_itl_ms": 33.99582683456762, "max_itl_ms": 60.983709968990496, "mean_e2e_latency_ms": 3328.8229715922016, "median_e2e_latency_ms": 3136.104301049894, "std_e2e_latency_ms": 1898.1985278831814, "p90_e2e_latency_ms": 6099.453113897021, "p95_e2e_latency_ms": 6408.120257576006, "p99_e2e_latency_ms": 6857.852205795362, "mean_prefill_queue_ms": 0.0, "p50_prefill_queue_ms": 0.0, "p95_prefill_queue_ms": 0.0, "p99_prefill_queue_ms": 0.0, "mean_kv_transfer_ms": 0.0, "p50_kv_transfer_ms": 0.0, "p95_kv_transfer_ms": 0.0, "p99_kv_transfer_ms": 0.0, "mean_decode_queue_ms": 0.0, "p50_decode_queue_ms": 0.0, "p95_decode_queue_ms": 0.0, "p99_decode_queue_ms": 0.0, "time_cost": 13.554948329925537}
