{
    "num_requests": 200,
    "completed": 200,
    "total_input": 217828,
    "total_output": 49461,
    "duration": 58.80416415350224,
    "request_throughput": 3.4011196805369175,
    "input_throughput": 3704.2954888599784,
    "output_throughput": 841.1139025951824,
    "total_throughput": 4545.40939145516,
    "prefix_cache_reused_ratio": 0.9990818443909874,
    "disk_prefetch_ratio": 0.0,
    "mean_ttft_ms": 17.999858843980206,
    "median_ttft_ms": 18.138978636569547,
    "std_ttft_ms": 3.9239573590037535,
    "p90_ttft_ms": 23.310917773409656,
    "p95_ttft_ms": 23.936315850992784,
    "p99_ttft_ms": 24.944400008449033,
    "mean_queue_ms": -5e-06,
    "mean_tpot_ms": 14.079890118997156,
    "median_tpot_ms": 14.041768737419087,
    "std_tpot_ms": 0.7150091895466529,
    "p90_tpot_ms": 15.073056954723551,
    "p95_tpot_ms": 15.468325825803078,
    "p99_tpot_ms": 15.82096058634229,
    "mean_itl_ms": 14.091453206965554,
    "median_itl_ms": 13.520966299857662,
    "std_itl_ms": 2.67788540385931,
    "p90_itl_ms": 15.02489849175248,
    "p95_itl_ms": 15.626661237860162,
    "p99_itl_ms": 25.632354419652614,
    "max_itl_ms": 36.873467162086726,
    "mean_e2e_latency_ms": 3488.7952409856316,
    "median_e2e_latency_ms": 3293.3378300906534,
    "std_e2e_latency_ms": 1998.4858961580283,
    "p90_e2e_latency_ms": 6388.83342169535,
    "p95_e2e_latency_ms": 6681.669067210834,
    "p99_e2e_latency_ms": 7206.764004317085,
    "mean_prefill_queue_ms": 0.0,
    "p50_prefill_queue_ms": 0.0,
    "p95_prefill_queue_ms": 0.0,
    "p99_prefill_queue_ms": 0.0,
    "mean_kv_transfer_ms": 0.0,
    "p50_kv_transfer_ms": 0.0,
    "p95_kv_transfer_ms": 0.0,
    "p99_kv_transfer_ms": 0.0,
    "mean_decode_queue_ms": 0.0,
    "p50_decode_queue_ms": 0.0,
    "p95_decode_queue_ms": 0.0,
    "p99_decode_queue_ms": 0.0,
    "time_cost": 12.310097932815552
}