{"num_requests": 200, "completed": 200, "total_input": 217828, "total_output": 12597, "duration": 213.46925725027867, "request_throughput": 0.9369030584367151, "input_throughput": 1020.4185970657638, "output_throughput": 59.010839135636495, "total_throughput": 1079.4294362014004, "prefix_cache_reused_ratio": 0.4770598821088198, "disk_prefetch_ratio": 0.0, "mean_ttft_ms": 39.493707057527864, "median_ttft_ms": 54.04632458055758, "std_ttft_ms": 23.390357069065715, "p90_ttft_ms": 62.89365973150537, "p95_ttft_ms": 64.14635217113235, "p99_ttft_ms": 96.32034590499659, "mean_queue_ms": -5e-06, "mean_tpot_ms": 12.017296497624793, "median_tpot_ms": 11.761112159099074, "std_tpot_ms": 1.146821431630935, "p90_tpot_ms": 12.723762534256636, "p95_tpot_ms": 13.300829497525433, "p99_tpot_ms": 15.145670195326087, "mean_itl_ms": 11.962361893199505, "median_itl_ms": 11.566237232516485, "std_itl_ms": 4.418961904290922, "p90_itl_ms": 11.892307000856306, "p95_itl_ms": 11.933589865648742, "p99_itl_ms": 22.741658463088392, "max_itl_ms": 133.5587265581495, "mean_e2e_latency_ms": 780.9807090074992, "median_e2e_latency_ms": 778.4706709849231, "std_e2e_latency_ms": 415.56742123957855, "p90_e2e_latency_ms": 1361.3331543626289, "p95_e2e_latency_ms": 1421.0586871384974, "p99_e2e_latency_ms": 1547.8425198054704, "mean_prefill_queue_ms": 0.0, "p50_prefill_queue_ms": 0.0, "p95_prefill_queue_ms": 0.0, "p99_prefill_queue_ms": 0.0, "mean_kv_transfer_ms": 0.0, "p50_kv_transfer_ms": 0.0, "p95_kv_transfer_ms": 0.0, "p99_kv_transfer_ms": 0.0, "mean_decode_queue_ms": 0.0, "p50_decode_queue_ms": 0.0, "p95_decode_queue_ms": 0.0, "p99_decode_queue_ms": 0.0, "time_cost": 18.72113275527954}
