{"num_requests": 200, "completed": 200, "total_input": 217828, "total_output": 12597, "duration": 107.16512095879229, "request_throughput": 1.866278862102018, "input_throughput": 2032.638959869792, "output_throughput": 117.54757412949562, "total_throughput": 2150.186533999288, "prefix_cache_reused_ratio": 0.9990818443909874, "disk_prefetch_ratio": 0.0, "mean_ttft_ms": 16.176276971751715, "median_ttft_ms": 16.24570421927718, "std_ttft_ms": 3.8469233922519255, "p90_ttft_ms": 21.854576243153545, "p95_ttft_ms": 22.37629250230002, "p99_ttft_ms": 23.132039053989995, "mean_queue_ms": -5e-06, "mean_tpot_ms": 11.98749082117234, "median_tpot_ms": 11.945216508561032, "std_tpot_ms": 0.39480076284839677, "p90_tpot_ms": 12.458717518060187, "p95_tpot_ms": 12.633069909301366, "p99_tpot_ms": 13.061276095708841, "mean_itl_ms": 11.98230963912633, "median_itl_ms": 11.814015012852508, "std_itl_ms": 1.7650009550414085, "p90_itl_ms": 11.949730013355975, "p95_itl_ms": 12.022423674181937, "p99_itl_ms": 23.356053197545634, "max_itl_ms": 35.49991323867552, "mean_e2e_latency_ms": 758.8997399529973, "median_e2e_latency_ms": 764.1809128223862, "std_e2e_latency_ms": 414.57811104953623, "p90_e2e_latency_ms": 1328.2242379614863, "p95_e2e_latency_ms": 1387.7410494463436, "p99_e2e_latency_ms": 1509.1274200673884, "mean_prefill_queue_ms": 0.0, "p50_prefill_queue_ms": 0.0, "p95_prefill_queue_ms": 0.0, "p99_prefill_queue_ms": 0.0, "mean_kv_transfer_ms": 0.0, "p50_kv_transfer_ms": 0.0, "p95_kv_transfer_ms": 0.0, "p99_kv_transfer_ms": 0.0, "mean_decode_queue_ms": 0.0, "p50_decode_queue_ms": 0.0, "p95_decode_queue_ms": 0.0, "p99_decode_queue_ms": 0.0, "time_cost": 14.772442102432251}
